Hour_continuous,capacity_factor
1,0
2,0
3,0
4,0
5,0
6,0
7,0
8,0.092
9,0.349
10,0.591
11,0.726
12,0.801
13,0.825
14,0.795
15,0.697
16,0.54
17,0.283
18,0.046
19,0
20,0
21,0
22,0
23,0
24,0
25,0
26,0
27,0
28,0
29,0
30,0
31,0
32,0.03
33,0.174
34,0.41
35,0.568
36,0.647
37,0.681
38,0.67
39,0.568
40,0.398
41,0.202
42,0.039
43,0
44,0
45,0
46,0
47,0
48,0
49,0
50,0
51,0
52,0
53,0
54,0
55,0
56,0.073
57,0.31
58,0.593
59,0.746
60,0.808
61,0.804
62,0.747
63,0.659
64,0.527
65,0.314
66,0.087
67,0
68,0
69,0
70,0
71,0
72,0
73,0
74,0
75,0
76,0
77,0
78,0
79,0
80,0.147
81,0.441
82,0.64
83,0.773
84,0.848
85,0.87
86,0.843
87,0.768
88,0.636
89,0.442
90,0.169
91,0
92,0
93,0
94,0
95,0
96,0
97,0
98,0
99,0
100,0
101,0
102,0
103,0
104,0.047
105,0.256
106,0.542
107,0.72
108,0.806
109,0.833
110,0.809
111,0.742
112,0.615
113,0.414
114,0.142
115,0
116,0
117,0
118,0
119,0
120,0
121,0
122,0
123,0
124,0
125,0
126,0
127,0
128,0.043
129,0.267
130,0.493
131,0.55
132,0.571
133,0.574
134,0.562
135,0.534
136,0.476
137,0.315
138,0.085
139,0
140,0
141,0
142,0
143,0
144,0
145,0
146,0
147,0
148,0
149,0
150,0
151,0
152,0.048
153,0.228
154,0.453
155,0.615
156,0.7
157,0.7
158,0.686
159,0.625
160,0.458
161,0.245
162,0.054
163,0
164,0
165,0
166,0
167,0
168,0
169,0
170,0
171,0
172,0
173,0
174,0
175,0
176,0.088
177,0.323
178,0.617
179,0.749
180,0.824
181,0.848
182,0.823
183,0.736
184,0.593
185,0.343
186,0.106
187,0
188,0
189,0
190,0
191,0
192,0
193,0
194,0
195,0
196,0
197,0
198,0
199,0
200,0.145
201,0.436
202,0.633
203,0.761
204,0.835
205,0.857
206,0.831
207,0.756
208,0.62
209,0.413
210,0.135
211,0
212,0
213,0
214,0
215,0
216,0
217,0
218,0
219,0
220,0
221,0
222,0
223,0
224,0.128
225,0.411
226,0.607
227,0.736
228,0.798
229,0.797
230,0.747
231,0.65
232,0.494
233,0.299
234,0.089
235,0
236,0
237,0
238,0
239,0
240,0
241,0
242,0
243,0
244,0
245,0
246,0
247,0
248,0.128
249,0.403
250,0.602
251,0.735
252,0.811
253,0.834
254,0.791
255,0.686
256,0.523
257,0.28
258,0.062
259,0
260,0
261,0
262,0
263,0
264,0
265,0
266,0
267,0
268,0
269,0
270,0
271,0
272,0.044
273,0.226
274,0.444
275,0.595
276,0.657
277,0.671
278,0.658
279,0.6
280,0.491
281,0.319
282,0.098
283,0
284,0
285,0
286,0
287,0
288,0
289,0
290,0
291,0
292,0
293,0
294,0
295,0
296,0.069
297,0.283
298,0.538
299,0.716
300,0.804
301,0.828
302,0.794
303,0.699
304,0.524
305,0.308
306,0.086
307,0
308,0
309,0
310,0
311,0
312,0
313,0
314,0
315,0
316,0
317,0
318,0
319,0
320,0.02
321,0.201
322,0.382
323,0.593
324,0.776
325,0.821
326,0.774
327,0.664
328,0.479
329,0.266
330,0.064
331,0
332,0
333,0
334,0
335,0
336,0
337,0
338,0
339,0
340,0
341,0
342,0
343,0
344,0.135
345,0.424
346,0.627
347,0.762
348,0.839
349,0.867
350,0.82
351,0.665
352,0.414
353,0.213
354,0.058
355,0
356,0
357,0
358,0
359,0
360,0
361,0
362,0
363,0
364,0
365,0
366,0
367,0
368,0.143
369,0.439
370,0.636
371,0.766
372,0.837
373,0.86
374,0.834
375,0.739
376,0.562
377,0.298
378,0.05
379,0
380,0
381,0
382,0
383,0
384,0
385,0
386,0
387,0
388,0
389,0
390,0
391,0
392,0.023
393,0.143
394,0.308
395,0.486
396,0.652
397,0.722
398,0.721
399,0.675
400,0.579
401,0.392
402,0.118
403,0
404,0
405,0
406,0
407,0
408,0
409,0
410,0
411,0
412,0
413,0
414,0
415,0
416,0.142
417,0.423
418,0.628
419,0.762
420,0.834
421,0.858
422,0.825
423,0.752
424,0.627
425,0.429
426,0.133
427,0
428,0
429,0
430,0
431,0
432,0
433,0
434,0
435,0
436,0
437,0
438,0
439,0
440,0.155
441,0.439
442,0.606
443,0.748
444,0.841
445,0.87
446,0.842
447,0.764
448,0.625
449,0.415
450,0.134
451,0
452,0
453,0
454,0
455,0
456,0
457,0
458,0
459,0
460,0
461,0
462,0
463,0
464,0.149
465,0.432
466,0.629
467,0.759
468,0.831
469,0.851
470,0.822
471,0.742
472,0.605
473,0.403
474,0.137
475,0
476,0
477,0
478,0
479,0
480,0
481,0
482,0
483,0
484,0
485,0
486,0
487,0
488,0.161
489,0.445
490,0.64
491,0.773
492,0.849
493,0.873
494,0.848
495,0.773
496,0.64
497,0.442
498,0.168
499,0
500,0
501,0
502,0
503,0
504,0
505,0
506,0
507,0
508,0
509,0
510,0
511,0
512,0.136
513,0.416
514,0.619
515,0.75
516,0.821
517,0.837
518,0.81
519,0.737
520,0.606
521,0.407
522,0.146
523,0
524,0
525,0
526,0
527,0
528,0
529,0
530,0
531,0
532,0
533,0
534,0
535,0
536,0.135
537,0.402
538,0.617
539,0.747
540,0.82
541,0.84
542,0.813
543,0.725
544,0.591
545,0.34
546,0.099
547,0
548,0
549,0
550,0
551,0
552,0
553,0
554,0
555,0
556,0
557,0
558,0
559,0
560,0.038
561,0.245
562,0.552
563,0.739
564,0.827
565,0.851
566,0.823
567,0.743
568,0.599
569,0.397
570,0.115
571,0
572,0
573,0
574,0
575,0
576,0
577,0
578,0
579,0
580,0
581,0
582,0
583,0
584,0.108
585,0.3
586,0.465
587,0.643
588,0.791
589,0.848
590,0.824
591,0.741
592,0.596
593,0.377
594,0.095
595,0
596,0
597,0
598,0
599,0
600,0
601,0
602,0
603,0
604,0
605,0
606,0
607,0
608,0.152
609,0.42
610,0.617
611,0.747
612,0.82
613,0.842
614,0.813
615,0.725
616,0.585
617,0.373
618,0.1
619,0
620,0
621,0
622,0
623,0
624,0
625,0
626,0
627,0
628,0
629,0
630,0
631,0
632,0.161
633,0.434
634,0.626
635,0.756
636,0.828
637,0.848
638,0.819
639,0.743
640,0.612
641,0.416
642,0.15
643,0
644,0
645,0
646,0
647,0
648,0
649,0
650,0
651,0
652,0
653,0
654,0
655,0
656,0.098
657,0.326
658,0.572
659,0.693
660,0.766
661,0.725
662,0.616
663,0.474
664,0.323
665,0.168
666,0.041
667,0
668,0
669,0
670,0
671,0
672,0
673,0
674,0
675,0
676,0
677,0
678,0
679,0
680,0.039
681,0.21
682,0.397
683,0.549
684,0.61
685,0.616
686,0.568
687,0.417
688,0.28
689,0.139
690,0.033
691,0
692,0
693,0
694,0
695,0
696,0
697,0
698,0
699,0
700,0
701,0
702,0
703,0
704,0.146
705,0.415
706,0.584
707,0.737
708,0.832
709,0.843
710,0.814
711,0.734
712,0.595
713,0.395
714,0.156
715,0
716,0
717,0
718,0
719,0
720,0
721,0
722,0
723,0
724,0
725,0
726,0
727,0
728,0.184
729,0.458
730,0.649
731,0.775
732,0.845
733,0.866
734,0.838
735,0.747
736,0.595
737,0.368
738,0.138
739,0
740,0
741,0
742,0
743,0
744,0
745,0
746,0
747,0
748,0
749,0
750,0
751,0
752,0.133
753,0.383
754,0.568
755,0.678
756,0.716
757,0.733
758,0.717
759,0.653
760,0.528
761,0.325
762,0.098
763,0
764,0
765,0
766,0
767,0
768,0
769,0
770,0
771,0
772,0
773,0
774,0
775,0
776,0.17
777,0.431
778,0.62
779,0.747
780,0.82
781,0.842
782,0.817
783,0.744
784,0.616
785,0.425
786,0.166
787,0
788,0
789,0
790,0
791,0
792,0
793,0
794,0
795,0
796,0
797,0
798,0
799,0
800,0.122
801,0.397
802,0.621
803,0.75
804,0.823
805,0.845
806,0.82
807,0.745
808,0.616
809,0.423
810,0.165
811,0
812,0
813,0
814,0
815,0
816,0
817,0
818,0
819,0
820,0
821,0
822,0
823,0
824,0.162
825,0.416
826,0.639
827,0.766
828,0.837
829,0.857
830,0.831
831,0.756
832,0.627
833,0.437
834,0.178
835,0
836,0
837,0
838,0
839,0
840,0
841,0
842,0
843,0
844,0
845,0
846,0
847,0
848,0.175
849,0.433
850,0.623
851,0.752
852,0.824
853,0.846
854,0.82
855,0.745
856,0.615
857,0.415
858,0.143
859,0
860,0
861,0
862,0
863,0
864,0
865,0
866,0
867,0
868,0
869,0
870,0
871,0
872,0.111
873,0.352
874,0.627
875,0.755
876,0.826
877,0.846
878,0.818
879,0.741
880,0.599
881,0.38
882,0.107
883,0
884,0
885,0
886,0
887,0
888,0
889,0
890,0
891,0
892,0
893,0
894,0
895,0
896,0.164
897,0.425
898,0.621
899,0.751
900,0.824
901,0.847
902,0.82
903,0.743
904,0.599
905,0.391
906,0.116
907,0
908,0
909,0
910,0
911,0
912,0
913,0
914,0
915,0
916,0
917,0
918,0
919,0
920,0.185
921,0.431
922,0.613
923,0.739
924,0.816
925,0.839
926,0.811
927,0.728
928,0.572
929,0.348
930,0.109
931,0
932,0
933,0
934,0
935,0
936,0
937,0
938,0
939,0
940,0
941,0
942,0
943,0
944,0.2
945,0.453
946,0.641
947,0.77
948,0.844
949,0.867
950,0.843
951,0.769
952,0.642
953,0.452
954,0.196
955,0
956,0
957,0
958,0
959,0
960,0
961,0
962,0
963,0
964,0
965,0
966,0
967,0
968,0.202
969,0.45
970,0.638
971,0.767
972,0.839
973,0.859
974,0.833
975,0.758
976,0.63
977,0.44
978,0.185
979,0
980,0
981,0
982,0
983,0
984,0
985,0
986,0
987,0
988,0
989,0
990,0
991,0
992,0.144
993,0.407
994,0.623
995,0.752
996,0.825
997,0.846
998,0.812
999,0.718
1000,0.561
1001,0.321
1002,0.107
1003,0
1004,0
1005,0
1006,0
1007,0
1008,0
1009,0
1010,0
1011,0
1012,0
1013,0
1014,0
1015,0
1016,0.18
1017,0.424
1018,0.619
1019,0.753
1020,0.829
1021,0.85
1022,0.792
1023,0.68
1024,0.511
1025,0.299
1026,0.117
1027,0.001
1028,0
1029,0
1030,0
1031,0
1032,0
1033,0
1034,0
1035,0
1036,0
1037,0
1038,0
1039,0
1040,0.133
1041,0.384
1042,0.617
1043,0.771
1044,0.851
1045,0.873
1046,0.846
1047,0.771
1048,0.642
1049,0.451
1050,0.197
1051,0.001
1052,0
1053,0
1054,0
1055,0
1056,0
1057,0
1058,0
1059,0
1060,0
1061,0
1062,0
1063,0
1064,0.211
1065,0.452
1066,0.641
1067,0.771
1068,0.843
1069,0.865
1070,0.84
1071,0.765
1072,0.636
1073,0.446
1074,0.193
1075,0.001
1076,0
1077,0
1078,0
1079,0
1080,0
1081,0
1082,0
1083,0
1084,0
1085,0
1086,0
1087,0
1088,0.216
1089,0.458
1090,0.648
1091,0.779
1092,0.852
1093,0.873
1094,0.844
1095,0.765
1096,0.633
1097,0.441
1098,0.186
1099,0.001
1100,0
1101,0
1102,0
1103,0
1104,0
1105,0
1106,0
1107,0
1108,0
1109,0
1110,0
1111,0
1112,0.234
1113,0.483
1114,0.67
1115,0.793
1116,0.863
1117,0.883
1118,0.857
1119,0.783
1120,0.655
1121,0.467
1122,0.213
1123,0.002
1124,0
1125,0
1126,0
1127,0
1128,0
1129,0
1130,0
1131,0
1132,0
1133,0
1134,0
1135,0
1136,0.201
1137,0.447
1138,0.643
1139,0.775
1140,0.848
1141,0.871
1142,0.847
1143,0.774
1144,0.647
1145,0.459
1146,0.205
1147,0.002
1148,0
1149,0
1150,0
1151,0
1152,0
1153,0
1154,0
1155,0
1156,0
1157,0
1158,0
1159,0
1160,0.221
1161,0.452
1162,0.637
1163,0.764
1164,0.836
1165,0.858
1166,0.832
1167,0.759
1168,0.631
1169,0.444
1170,0.195
1171,0.002
1172,0
1173,0
1174,0
1175,0
1176,0
1177,0
1178,0
1179,0
1180,0
1181,0
1182,0
1183,0
1184,0.219
1185,0.448
1186,0.634
1187,0.762
1188,0.835
1189,0.857
1190,0.832
1191,0.758
1192,0.629
1193,0.44
1194,0.189
1195,0.002
1196,0
1197,0
1198,0
1199,0
1200,0
1201,0
1202,0
1203,0
1204,0
1205,0
1206,0
1207,0
1208,0.142
1209,0.373
1210,0.587
1211,0.739
1212,0.817
1213,0.838
1214,0.808
1215,0.73
1216,0.59
1217,0.371
1218,0.114
1219,0
1220,0
1221,0
1222,0
1223,0
1224,0
1225,0
1226,0
1227,0
1228,0
1229,0
1230,0
1231,0
1232,0.042
1233,0.178
1234,0.396
1235,0.605
1236,0.722
1237,0.76
1238,0.746
1239,0.678
1240,0.503
1241,0.272
1242,0.103
1243,0.001
1244,0
1245,0
1246,0
1247,0
1248,0
1249,0
1250,0
1251,0
1252,0
1253,0
1254,0
1255,0
1256,0.116
1257,0.333
1258,0.536
1259,0.652
1260,0.724
1261,0.754
1262,0.727
1263,0.642
1264,0.501
1265,0.302
1266,0.101
1267,0.001
1268,0
1269,0
1270,0
1271,0
1272,0
1273,0
1274,0
1275,0
1276,0
1277,0
1278,0
1279,0
1280,0.07
1281,0.238
1282,0.388
1283,0.493
1284,0.576
1285,0.63
1286,0.601
1287,0.446
1288,0.302
1289,0.2
1290,0.088
1291,0.001
1292,0
1293,0
1294,0
1295,0
1296,0
1297,0
1298,0
1299,0
1300,0
1301,0
1302,0
1303,0
1304,0.169
1305,0.415
1306,0.605
1307,0.736
1308,0.811
1309,0.835
1310,0.806
1311,0.726
1312,0.574
1313,0.357
1314,0.121
1315,0.001
1316,0
1317,0
1318,0
1319,0
1320,0
1321,0
1322,0
1323,0
1324,0
1325,0
1326,0
1327,0
1328,0.116
1329,0.372
1330,0.603
1331,0.734
1332,0.808
1333,0.829
1334,0.802
1335,0.726
1336,0.59
1337,0.398
1338,0.14
1339,0.001
1340,0
1341,0
1342,0
1343,0
1344,0
1345,0
1346,0
1347,0
1348,0
1349,0
1350,0
1351,0
1352,0.168
1353,0.415
1354,0.607
1355,0.737
1356,0.81
1357,0.829
1358,0.8
1359,0.725
1360,0.583
1361,0.364
1362,0.128
1363,0.001
1364,0
1365,0
1366,0
1367,0
1368,0
1369,0
1370,0
1371,0
1372,0
1373,0
1374,0
1375,0.031
1376,0.161
1377,0.403
1378,0.606
1379,0.735
1380,0.791
1381,0.784
1382,0.782
1383,0.718
1384,0.593
1385,0.428
1386,0.188
1387,0.005
1388,0
1389,0
1390,0
1391,0
1392,0
1393,0
1394,0
1395,0
1396,0
1397,0
1398,0
1399,0
1400,0.166
1401,0.386
1402,0.625
1403,0.755
1404,0.826
1405,0.847
1406,0.819
1407,0.745
1408,0.615
1409,0.425
1410,0.169
1411,0.004
1412,0
1413,0
1414,0
1415,0
1416,0
1417,0
1418,0
1419,0
1420,0
1421,0
1422,0
1423,0
1424,0.183
1425,0.426
1426,0.613
1427,0.741
1428,0.814
1429,0.836
1430,0.811
1431,0.738
1432,0.61
1433,0.425
1434,0.155
1435,0.003
1436,0
1437,0
1438,0
1439,0
1440,0
1441,0
1442,0
1443,0
1444,0
1445,0
1446,0
1447,0
1448,0.179
1449,0.421
1450,0.608
1451,0.737
1452,0.81
1453,0.831
1454,0.804
1455,0.724
1456,0.589
1457,0.367
1458,0.13
1459,0.002
1460,0
1461,0
1462,0
1463,0
1464,0
1465,0
1466,0
1467,0
1468,0
1469,0
1470,0
1471,0
1472,0.11
1473,0.327
1474,0.525
1475,0.673
1476,0.747
1477,0.747
1478,0.709
1479,0.598
1480,0.422
1481,0.227
1482,0.075
1483,0.001
1484,0
1485,0
1486,0
1487,0
1488,0
1489,0
1490,0
1491,0
1492,0
1493,0
1494,0
1495,0
1496,0.052
1497,0.203
1498,0.379
1499,0.555
1500,0.686
1501,0.705
1502,0.688
1503,0.598
1504,0.483
1505,0.306
1506,0.134
1507,0.005
1508,0
1509,0
1510,0
1511,0
1512,0
1513,0
1514,0
1515,0
1516,0
1517,0
1518,0
1519,0
1520,0.183
1521,0.439
1522,0.631
1523,0.762
1524,0.836
1525,0.858
1526,0.833
1527,0.76
1528,0.634
1529,0.451
1530,0.212
1531,0.009
1532,0
1533,0
1534,0
1535,0
1536,0
1537,0
1538,0
1539,0
1540,0
1541,0
1542,0
1543,0
1544,0.182
1545,0.426
1546,0.616
1547,0.747
1548,0.822
1549,0.844
1550,0.817
1551,0.741
1552,0.596
1553,0.376
1554,0.146
1555,0.004
1556,0
1557,0
1558,0
1559,0
1560,0
1561,0
1562,0
1563,0
1564,0
1565,0
1566,0
1567,0
1568,0.146
1569,0.411
1570,0.623
1571,0.753
1572,0.827
1573,0.849
1574,0.822
1575,0.741
1576,0.605
1577,0.4
1578,0.169
1579,0.006
1580,0
1581,0
1582,0
1583,0
1584,0
1585,0
1586,0
1587,0
1588,0
1589,0
1590,0
1591,0
1592,0.178
1593,0.4
1594,0.574
1595,0.696
1596,0.74
1597,0.73
1598,0.71
1599,0.67
1600,0.552
1601,0.345
1602,0.126
1603,0.003
1604,0
1605,0
1606,0
1607,0
1608,0
1609,0
1610,0
1611,0
1612,0
1613,0
1614,0
1615,0
1616,0.087
1617,0.263
1618,0.411
1619,0.502
1620,0.54
1621,0.515
1622,0.451
1623,0.335
1624,0.217
1625,0.112
1626,0.041
1627,0
1628,0
1629,0
1630,0
1631,0
1632,0
1633,0
1634,0
1635,0
1636,0
1637,0
1638,0
1639,0
1640,0.137
1641,0.361
1642,0.557
1643,0.693
1644,0.77
1645,0.779
1646,0.758
1647,0.689
1648,0.547
1649,0.339
1650,0.143
1651,0.007
1652,0
1653,0
1654,0
1655,0
1656,0
1657,0
1658,0
1659,0
1660,0
1661,0
1662,0
1663,0
1664,0.171
1665,0.428
1666,0.621
1667,0.755
1668,0.831
1669,0.856
1670,0.833
1671,0.762
1672,0.638
1673,0.457
1674,0.224
1675,0.013
1676,0
1677,0
1678,0
1679,0
1680,0
1681,0
1682,0
1683,0
1684,0
1685,0
1686,0
1687,0
1688,0.162
1689,0.395
1690,0.599
1691,0.747
1692,0.825
1693,0.847
1694,0.82
1695,0.736
1696,0.593
1697,0.375
1698,0.199
1699,0.009
1700,0
1701,0
1702,0
1703,0
1704,0
1705,0
1706,0
1707,0
1708,0
1709,0
1710,0
1711,0
1712,0.077
1713,0.21
1714,0.287
1715,0.368
1716,0.48
1717,0.544
1718,0.547
1719,0.5
1720,0.433
1721,0.296
1722,0.123
1723,0.005
1724,0
1725,0
1726,0
1727,0
1728,0
1729,0
1730,0
1731,0
1732,0
1733,0
1734,0
1735,0
1736,0.183
1737,0.425
1738,0.613
1739,0.742
1740,0.815
1741,0.837
1742,0.812
1743,0.74
1744,0.616
1745,0.437
1746,0.207
1747,0.01
1748,0
1749,0
1750,0
1751,0
1752,0
1753,0
1754,0
1755,0
1756,0
1757,0
1758,0
1759,0
1760,0.166
1761,0.407
1762,0.599
1763,0.733
1764,0.807
1765,0.83
1766,0.805
1767,0.734
1768,0.61
1769,0.405
1770,0.183
1771,0.011
1772,0
1773,0
1774,0
1775,0
1776,0
1777,0
1778,0
1779,0
1780,0
1781,0
1782,0
1783,0.001
1784,0.185
1785,0.427
1786,0.614
1787,0.741
1788,0.813
1789,0.837
1790,0.815
1791,0.744
1792,0.62
1793,0.437
1794,0.212
1795,0.013
1796,0
1797,0
1798,0
1799,0
1800,0
1801,0
1802,0
1803,0
1804,0
1805,0
1806,0
1807,0
1808,0.109
1809,0.322
1810,0.438
1811,0.538
1812,0.538
1813,0.481
1814,0.476
1815,0.446
1816,0.391
1817,0.293
1818,0.144
1819,0.01
1820,0
1821,0
1822,0
1823,0
1824,0
1825,0
1826,0
1827,0
1828,0
1829,0
1830,0
1831,0.001
1832,0.135
1833,0.331
1834,0.542
1835,0.677
1836,0.742
1837,0.738
1838,0.678
1839,0.552
1840,0.36
1841,0.2
1842,0.092
1843,0.007
1844,0
1845,0
1846,0
1847,0
1848,0
1849,0
1850,0
1851,0
1852,0
1853,0
1854,0
1855,0.001
1856,0.172
1857,0.406
1858,0.59
1859,0.716
1860,0.788
1861,0.811
1862,0.787
1863,0.715
1864,0.584
1865,0.39
1866,0.15
1867,0.007
1868,0
1869,0
1870,0
1871,0
1872,0
1873,0
1874,0
1875,0
1876,0
1877,0
1878,0
1879,0.001
1880,0.151
1881,0.401
1882,0.591
1883,0.719
1884,0.791
1885,0.812
1886,0.781
1887,0.703
1888,0.564
1889,0.354
1890,0.142
1891,0.006
1892,0
1893,0
1894,0
1895,0
1896,0
1897,0
1898,0
1899,0
1900,0
1901,0
1902,0
1903,0.001
1904,0.154
1905,0.398
1906,0.586
1907,0.714
1908,0.787
1909,0.81
1910,0.786
1911,0.715
1912,0.594
1913,0.414
1914,0.174
1915,0.01
1916,0
1917,0
1918,0
1919,0
1920,0
1921,0
1922,0
1923,0
1924,0
1925,0
1926,0
1927,0.001
1928,0.153
1929,0.396
1930,0.579
1931,0.707
1932,0.781
1933,0.804
1934,0.777
1935,0.696
1936,0.554
1937,0.35
1938,0.139
1939,0.008
1940,0
1941,0
1942,0
1943,0
1944,0
1945,0
1946,0
1947,0
1948,0
1949,0
1950,0
1951,0.001
1952,0.165
1953,0.397
1954,0.581
1955,0.709
1956,0.782
1957,0.806
1958,0.783
1959,0.709
1960,0.583
1961,0.388
1962,0.171
1963,0.012
1964,0
1965,0
1966,0
1967,0
1968,0
1969,0
1970,0
1971,0
1972,0
1973,0
1974,0
1975,0.001
1976,0.172
1977,0.408
1978,0.585
1979,0.71
1980,0.775
1981,0.792
1982,0.764
1983,0.694
1984,0.572
1985,0.396
1986,0.172
1987,0.011
1988,0
1989,0
1990,0
1991,0
1992,0
1993,0
1994,0
1995,0
1996,0
1997,0
1998,0
1999,0.002
2000,0.15
2001,0.375
2002,0.557
2003,0.678
2004,0.748
2005,0.775
2006,0.746
2007,0.665
2008,0.517
2009,0.312
2010,0.122
2011,0.007
2012,0
2013,0
2014,0
2015,0
2016,0
2017,0
2018,0
2019,0
2020,0
2021,0
2022,0
2023,0.001
2024,0.126
2025,0.347
2026,0.569
2027,0.696
2028,0.755
2029,0.782
2030,0.738
2031,0.649
2032,0.521
2033,0.368
2034,0.163
2035,0.013
2036,0
2037,0
2038,0
2039,0
2040,0
2041,0
2042,0
2043,0
2044,0
2045,0
2046,0
2047,0.002
2048,0.164
2049,0.409
2050,0.595
2051,0.724
2052,0.797
2053,0.821
2054,0.797
2055,0.726
2056,0.606
2057,0.431
2058,0.197
2059,0.013
2060,0
2061,0
2062,0
2063,0
2064,0
2065,0
2066,0
2067,0
2068,0
2069,0
2070,0
2071,0.002
2072,0.159
2073,0.373
2074,0.569
2075,0.711
2076,0.79
2077,0.816
2078,0.793
2079,0.722
2080,0.599
2081,0.42
2082,0.18
2083,0.013
2084,0
2085,0
2086,0
2087,0
2088,0
2089,0
2090,0
2091,0
2092,0
2093,0
2094,0
2095,0.002
2096,0.162
2097,0.391
2098,0.576
2099,0.705
2100,0.779
2101,0.802
2102,0.772
2103,0.696
2104,0.563
2105,0.371
2106,0.166
2107,0.012
2108,0
2109,0
2110,0
2111,0
2112,0
2113,0
2114,0
2115,0
2116,0
2117,0
2118,0
2119,0.001
2120,0.082
2121,0.296
2122,0.538
2123,0.685
2124,0.734
2125,0.739
2126,0.693
2127,0.598
2128,0.445
2129,0.284
2130,0.128
2131,0.01
2132,0
2133,0
2134,0
2135,0
2136,0
2137,0
2138,0
2139,0
2140,0
2141,0
2142,0
2143,0.002
2144,0.163
2145,0.393
2146,0.578
2147,0.709
2148,0.783
2149,0.807
2150,0.782
2151,0.71
2152,0.582
2153,0.408
2154,0.172
2155,0.013
2156,0
2157,0
2158,0
2159,0
2160,0
2161,0
2162,0
2163,0
2164,0
2165,0
2166,0
2167,0.002
2168,0.162
2169,0.389
2170,0.572
2171,0.701
2172,0.774
2173,0.797
2174,0.771
2175,0.688
2176,0.535
2177,0.344
2178,0.136
2179,0.008
2180,0
2181,0
2182,0
2183,0
2184,0
2185,0
2186,0
2187,0
2188,0
2189,0
2190,0
2191,0.003
2192,0.155
2193,0.376
2194,0.564
2195,0.691
2196,0.765
2197,0.788
2198,0.758
2199,0.674
2200,0.534
2201,0.344
2202,0.149
2203,0.01
2204,0
2205,0
2206,0
2207,0
2208,0
2209,0
2210,0
2211,0
2212,0
2213,0
2214,0
2215,0.003
2216,0.148
2217,0.372
2218,0.564
2219,0.7
2220,0.774
2221,0.797
2222,0.774
2223,0.7
2224,0.569
2225,0.391
2226,0.168
2227,0.013
2228,0
2229,0
2230,0
2231,0
2232,0
2233,0
2234,0
2235,0
2236,0
2237,0
2238,0
2239,0.002
2240,0.162
2241,0.389
2242,0.575
2243,0.704
2244,0.778
2245,0.801
2246,0.777
2247,0.706
2248,0.581
2249,0.399
2250,0.181
2251,0.016
2252,0
2253,0
2254,0
2255,0
2256,0
2257,0
2258,0
2259,0
2260,0
2261,0
2262,0
2263,0.003
2264,0.154
2265,0.378
2266,0.562
2267,0.688
2268,0.745
2269,0.758
2270,0.736
2271,0.651
2272,0.481
2273,0.276
2274,0.102
2275,0.007
2276,0
2277,0
2278,0
2279,0
2280,0
2281,0
2282,0
2283,0
2284,0
2285,0
2286,0
2287,0.003
2288,0.143
2289,0.365
2290,0.549
2291,0.68
2292,0.755
2293,0.782
2294,0.762
2295,0.7
2296,0.588
2297,0.419
2298,0.207
2299,0.016
2300,0
2301,0
2302,0
2303,0
2304,0
2305,0
2306,0
2307,0
2308,0
2309,0
2310,0
2311,0.003
2312,0.161
2313,0.39
2314,0.569
2315,0.69
2316,0.753
2317,0.763
2318,0.718
2319,0.619
2320,0.461
2321,0.275
2322,0.121
2323,0.013
2324,0
2325,0
2326,0
2327,0
2328,0
2329,0
2330,0
2331,0
2332,0
2333,0
2334,0
2335,0.003
2336,0.09
2337,0.237
2338,0.38
2339,0.486
2340,0.552
2341,0.573
2342,0.549
2343,0.496
2344,0.435
2345,0.335
2346,0.159
2347,0.015
2348,0
2349,0
2350,0
2351,0
2352,0
2353,0
2354,0
2355,0
2356,0
2357,0
2358,0
2359,0.006
2360,0.101
2361,0.219
2362,0.38
2363,0.54
2364,0.651
2365,0.704
2366,0.684
2367,0.582
2368,0.41
2369,0.233
2370,0.098
2371,0.01
2372,0
2373,0
2374,0
2375,0
2376,0
2377,0
2378,0
2379,0
2380,0
2381,0
2382,0
2383,0.005
2384,0.124
2385,0.3
2386,0.453
2387,0.576
2388,0.647
2389,0.646
2390,0.623
2391,0.568
2392,0.445
2393,0.286
2394,0.127
2395,0.012
2396,0
2397,0
2398,0
2399,0
2400,0
2401,0
2402,0
2403,0
2404,0
2405,0
2406,0
2407,0.004
2408,0.161
2409,0.385
2410,0.565
2411,0.693
2412,0.766
2413,0.789
2414,0.766
2415,0.693
2416,0.562
2417,0.382
2418,0.184
2419,0.014
2420,0
2421,0
2422,0
2423,0
2424,0
2425,0
2426,0
2427,0
2428,0
2429,0
2430,0
2431,0.004
2432,0.159
2433,0.377
2434,0.555
2435,0.68
2436,0.752
2437,0.775
2438,0.752
2439,0.678
2440,0.541
2441,0.363
2442,0.171
2443,0.015
2444,0
2445,0
2446,0
2447,0
2448,0
2449,0
2450,0
2451,0
2452,0
2453,0
2454,0
2455,0.005
2456,0.154
2457,0.368
2458,0.545
2459,0.67
2460,0.742
2461,0.766
2462,0.743
2463,0.669
2464,0.551
2465,0.354
2466,0.156
2467,0.015
2468,0
2469,0
2470,0
2471,0
2472,0
2473,0
2474,0
2475,0
2476,0
2477,0
2478,0
2479,0.006
2480,0.145
2481,0.341
2482,0.508
2483,0.63
2484,0.693
2485,0.71
2486,0.679
2487,0.602
2488,0.479
2489,0.311
2490,0.15
2491,0.016
2492,0
2493,0
2494,0
2495,0
2496,0
2497,0
2498,0
2499,0
2500,0
2501,0
2502,0
2503,0.005
2504,0.128
2505,0.347
2506,0.538
2507,0.67
2508,0.742
2509,0.759
2510,0.725
2511,0.618
2512,0.428
2513,0.238
2514,0.086
2515,0.009
2516,0
2517,0
2518,0
2519,0
2520,0
2521,0
2522,0
2523,0
2524,0
2525,0
2526,0
2527,0.006
2528,0.158
2529,0.374
2530,0.553
2531,0.678
2532,0.75
2533,0.76
2534,0.72
2535,0.633
2536,0.459
2537,0.289
2538,0.131
2539,0.014
2540,0
2541,0
2542,0
2543,0
2544,0
2545,0
2546,0
2547,0
2548,0
2549,0
2550,0
2551,0.006
2552,0.156
2553,0.373
2554,0.547
2555,0.669
2556,0.693
2557,0.616
2558,0.551
2559,0.566
2560,0.516
2561,0.354
2562,0.155
2563,0.019
2564,0
2565,0
2566,0
2567,0
2568,0
2569,0
2570,0
2571,0
2572,0
2573,0
2574,0
2575,0.007
2576,0.14
2577,0.362
2578,0.543
2579,0.66
2580,0.708
2581,0.723
2582,0.684
2583,0.599
2584,0.424
2585,0.248
2586,0.092
2587,0.01
2588,0
2589,0
2590,0
2591,0
2592,0
2593,0
2594,0
2595,0
2596,0
2597,0
2598,0
2599,0.006
2600,0.111
2601,0.266
2602,0.414
2603,0.543
2604,0.628
2605,0.66
2606,0.642
2607,0.58
2608,0.482
2609,0.325
2610,0.157
2611,0.02
2612,0
2613,0
2614,0
2615,0
2616,0
2617,0
2618,0
2619,0
2620,0
2621,0
2622,0
2623,0.005
2624,0.083
2625,0.221
2626,0.392
2627,0.558
2628,0.662
2629,0.693
2630,0.679
2631,0.615
2632,0.472
2633,0.297
2634,0.125
2635,0.014
2636,0
2637,0
2638,0
2639,0
2640,0
2641,0
2642,0
2643,0
2644,0
2645,0
2646,0
2647,0.009
2648,0.146
2649,0.34
2650,0.493
2651,0.573
2652,0.602
2653,0.576
2654,0.517
2655,0.44
2656,0.362
2657,0.24
2658,0.101
2659,0.011
2660,0
2661,0
2662,0
2663,0
2664,0
2665,0
2666,0
2667,0
2668,0
2669,0
2670,0
2671,0.009
2672,0.146
2673,0.336
2674,0.503
2675,0.615
2676,0.67
2677,0.661
2678,0.602
2679,0.505
2680,0.373
2681,0.254
2682,0.138
2683,0.021
2684,0
2685,0
2686,0
2687,0
2688,0
2689,0
2690,0
2691,0
2692,0
2693,0
2694,0
2695,0.009
2696,0.149
2697,0.356
2698,0.515
2699,0.619
2700,0.679
2701,0.694
2702,0.663
2703,0.587
2704,0.449
2705,0.303
2706,0.132
2707,0.017
2708,0
2709,0
2710,0
2711,0
2712,0
2713,0
2714,0
2715,0
2716,0
2717,0
2718,0
2719,0.009
2720,0.15
2721,0.35
2722,0.52
2723,0.636
2724,0.702
2725,0.707
2726,0.613
2727,0.472
2728,0.316
2729,0.181
2730,0.07
2731,0.008
2732,0
2733,0
2734,0
2735,0
2736,0
2737,0
2738,0
2739,0
2740,0
2741,0
2742,0
2743,0.009
2744,0.131
2745,0.314
2746,0.477
2747,0.563
2748,0.566
2749,0.508
2750,0.394
2751,0.275
2752,0.184
2753,0.113
2754,0.061
2755,0.01
2756,0
2757,0
2758,0
2759,0
2760,0
2761,0
2762,0
2763,0
2764,0
2765,0
2766,0
2767,0.01
2768,0.15
2769,0.352
2770,0.518
2771,0.614
2772,0.625
2773,0.634
2774,0.585
2775,0.479
2776,0.351
2777,0.225
2778,0.111
2779,0.016
2780,0
2781,0
2782,0
2783,0
2784,0
2785,0
2786,0
2787,0
2788,0
2789,0
2790,0
2791,0.008
2792,0.15
2793,0.359
2794,0.534
2795,0.658
2796,0.729
2797,0.753
2798,0.727
2799,0.658
2800,0.542
2801,0.368
2802,0.179
2803,0.019
2804,0
2805,0
2806,0
2807,0
2808,0
2809,0
2810,0
2811,0
2812,0
2813,0
2814,0
2815,0.007
2816,0.152
2817,0.358
2818,0.532
2819,0.655
2820,0.726
2821,0.75
2822,0.726
2823,0.651
2824,0.525
2825,0.334
2826,0.155
2827,0.022
2828,0
2829,0
2830,0
2831,0
2832,0
2833,0
2834,0
2835,0
2836,0
2837,0
2838,0
2839,0.01
2840,0.15
2841,0.346
2842,0.517
2843,0.635
2844,0.703
2845,0.718
2846,0.678
2847,0.588
2848,0.373
2849,0.177
2850,0.063
2851,0.01
2852,0
2853,0
2854,0
2855,0
2856,0
2857,0
2858,0
2859,0
2860,0
2861,0
2862,0
2863,0.011
2864,0.105
2865,0.206
2866,0.323
2867,0.424
2868,0.485
2869,0.534
2870,0.498
2871,0.405
2872,0.283
2873,0.154
2874,0.071
2875,0.012
2876,0
2877,0
2878,0
2879,0
2880,0
2881,0
2882,0
2883,0
2884,0
2885,0
2886,0
2887,0.011
2888,0.139
2889,0.337
2890,0.502
2891,0.621
2892,0.686
2893,0.728
2894,0.693
2895,0.62
2896,0.481
2897,0.312
2898,0.148
2899,0.022
2900,0
2901,0
2902,0
2903,0
2904,0
2905,0
2906,0
2907,0
2908,0
2909,0
2910,0
2911,0.011
2912,0.147
2913,0.354
2914,0.526
2915,0.648
2916,0.719
2917,0.738
2918,0.695
2919,0.606
2920,0.483
2921,0.33
2922,0.158
2923,0.026
2924,0
2925,0
2926,0
2927,0
2928,0
2929,0
2930,0
2931,0
2932,0
2933,0
2934,0
2935,0.012
2936,0.137
2937,0.339
2938,0.51
2939,0.62
2940,0.669
2941,0.691
2942,0.651
2943,0.553
2944,0.411
2945,0.268
2946,0.129
2947,0.019
2948,0
2949,0
2950,0
2951,0
2952,0
2953,0
2954,0
2955,0
2956,0
2957,0
2958,0
2959,0.013
2960,0.145
2961,0.332
2962,0.495
2963,0.606
2964,0.666
2965,0.677
2966,0.629
2967,0.529
2968,0.4
2969,0.264
2970,0.121
2971,0.024
2972,0
2973,0
2974,0
2975,0
2976,0
2977,0
2978,0
2979,0
2980,0
2981,0
2982,0
2983,0.012
2984,0.125
2985,0.289
2986,0.461
2987,0.604
2988,0.679
2989,0.71
2990,0.694
2991,0.631
2992,0.507
2993,0.34
2994,0.162
2995,0.031
2996,0
2997,0
2998,0
2999,0
3000,0
3001,0
3002,0
3003,0
3004,0
3005,0
3006,0
3007,0.014
3008,0.143
3009,0.322
3010,0.49
3011,0.606
3012,0.669
3013,0.692
3014,0.626
3015,0.495
3016,0.298
3017,0.131
3018,0.045
3019,0.006
3020,0
3021,0
3022,0
3023,0
3024,0
3025,0
3026,0
3027,0
3028,0
3029,0
3030,0
3031,0.013
3032,0.132
3033,0.289
3034,0.423
3035,0.495
3036,0.503
3037,0.514
3038,0.446
3039,0.329
3040,0.204
3041,0.123
3042,0.054
3043,0.009
3044,0
3045,0
3046,0
3047,0
3048,0
3049,0
3050,0
3051,0
3052,0
3053,0
3054,0
3055,0.011
3056,0.113
3057,0.286
3058,0.45
3059,0.561
3060,0.582
3061,0.546
3062,0.49
3063,0.442
3064,0.302
3065,0.214
3066,0.097
3067,0.014
3068,0
3069,0
3070,0
3071,0
3072,0
3073,0
3074,0
3075,0
3076,0
3077,0
3078,0
3079,0.013
3080,0.119
3081,0.283
3082,0.459
3083,0.606
3084,0.686
3085,0.714
3086,0.696
3087,0.631
3088,0.499
3089,0.328
3090,0.151
3091,0.028
3092,0
3093,0
3094,0
3095,0
3096,0
3097,0
3098,0
3099,0
3100,0
3101,0
3102,0
3103,0.014
3104,0.135
3105,0.319
3106,0.473
3107,0.548
3108,0.563
3109,0.596
3110,0.511
3111,0.433
3112,0.304
3113,0.179
3114,0.081
3115,0.012
3116,0
3117,0
3118,0
3119,0
3120,0
3121,0
3122,0
3123,0
3124,0
3125,0
3126,0
3127,0.016
3128,0.14
3129,0.308
3130,0.455
3131,0.517
3132,0.584
3133,0.587
3134,0.548
3135,0.466
3136,0.32
3137,0.206
3138,0.098
3139,0.017
3140,0
3141,0
3142,0
3143,0
3144,0
3145,0
3146,0
3147,0
3148,0
3149,0
3150,0
3151,0.015
3152,0.143
3153,0.332
3154,0.484
3155,0.586
3156,0.635
3157,0.649
3158,0.621
3159,0.543
3160,0.439
3161,0.274
3162,0.128
3163,0.021
3164,0
3165,0
3166,0
3167,0
3168,0
3169,0
3170,0
3171,0
3172,0
3173,0
3174,0
3175,0.015
3176,0.137
3177,0.314
3178,0.487
3179,0.605
3180,0.66
3181,0.649
3182,0.575
3183,0.465
3184,0.327
3185,0.186
3186,0.086
3187,0.016
3188,0
3189,0
3190,0
3191,0
3192,0
3193,0
3194,0
3195,0
3196,0
3197,0
3198,0
3199,0.012
3200,0.138
3201,0.324
3202,0.506
3203,0.634
3204,0.701
3205,0.717
3206,0.692
3207,0.627
3208,0.506
3209,0.349
3210,0.172
3211,0.038
3212,0
3213,0
3214,0
3215,0
3216,0
3217,0
3218,0
3219,0
3220,0
3221,0
3222,0
3223,0.016
3224,0.116
3225,0.247
3226,0.4
3227,0.544
3228,0.641
3229,0.694
3230,0.686
3231,0.633
3232,0.528
3233,0.372
3234,0.18
3235,0.034
3236,0
3237,0
3238,0
3239,0
3240,0
3241,0
3242,0
3243,0
3244,0
3245,0
3246,0
3247,0.012
3248,0.145
3249,0.342
3250,0.516
3251,0.642
3252,0.716
3253,0.74
3254,0.717
3255,0.647
3256,0.529
3257,0.365
3258,0.171
3259,0.036
3260,0
3261,0
3262,0
3263,0
3264,0
3265,0
3266,0
3267,0
3268,0
3269,0
3270,0
3271,0.014
3272,0.143
3273,0.327
3274,0.492
3275,0.614
3276,0.684
3277,0.707
3278,0.685
3279,0.621
3280,0.509
3281,0.349
3282,0.167
3283,0.038
3284,0
3285,0
3286,0
3287,0
3288,0
3289,0
3290,0
3291,0
3292,0
3293,0
3294,0
3295,0.017
3296,0.136
3297,0.301
3298,0.462
3299,0.584
3300,0.653
3301,0.68
3302,0.665
3303,0.605
3304,0.497
3305,0.346
3306,0.171
3307,0.038
3308,0
3309,0
3310,0
3311,0
3312,0
3313,0
3314,0
3315,0
3316,0
3317,0
3318,0
3319,0.022
3320,0.143
3321,0.322
3322,0.481
3323,0.598
3324,0.665
3325,0.673
3326,0.628
3327,0.564
3328,0.47
3329,0.325
3330,0.158
3331,0.037
3332,0
3333,0
3334,0
3335,0
3336,0
3337,0
3338,0
3339,0
3340,0
3341,0
3342,0
3343,0.019
3344,0.138
3345,0.314
3346,0.477
3347,0.595
3348,0.658
3349,0.66
3350,0.598
3351,0.498
3352,0.392
3353,0.283
3354,0.155
3355,0.04
3356,0
3357,0
3358,0
3359,0
3360,0
3361,0
3362,0
3363,0
3364,0
3365,0
3366,0
3367,0.019
3368,0.136
3369,0.322
3370,0.486
3371,0.603
3372,0.662
3373,0.666
3374,0.633
3375,0.556
3376,0.424
3377,0.28
3378,0.137
3379,0.028
3380,0
3381,0
3382,0
3383,0
3384,0
3385,0
3386,0
3387,0
3388,0
3389,0
3390,0
3391,0.021
3392,0.138
3393,0.327
3394,0.491
3395,0.607
3396,0.672
3397,0.69
3398,0.664
3399,0.596
3400,0.473
3401,0.291
3402,0.124
3403,0.019
3404,0
3405,0
3406,0
3407,0
3408,0
3409,0
3410,0
3411,0
3412,0
3413,0
3414,0
3415,0.007
3416,0.05
3417,0.112
3418,0.197
3419,0.282
3420,0.329
3421,0.35
3422,0.322
3423,0.259
3424,0.2
3425,0.15
3426,0.077
3427,0.014
3428,0
3429,0
3430,0
3431,0
3432,0
3433,0
3434,0
3435,0
3436,0
3437,0
3438,0
3439,0.015
3440,0.111
3441,0.269
3442,0.411
3443,0.522
3444,0.586
3445,0.592
3446,0.519
3447,0.4
3448,0.236
3449,0.119
3450,0.056
3451,0.013
3452,0
3453,0
3454,0
3455,0
3456,0
3457,0
3458,0
3459,0
3460,0
3461,0
3462,0
3463,0.011
3464,0.069
3465,0.137
3466,0.234
3467,0.341
3468,0.469
3469,0.55
3470,0.51
3471,0.355
3472,0.227
3473,0.131
3474,0.06
3475,0.012
3476,0
3477,0
3478,0
3479,0
3480,0
3481,0
3482,0
3483,0
3484,0
3485,0
3486,0
3487,0.021
3488,0.137
3489,0.302
3490,0.435
3491,0.501
3492,0.514
3493,0.496
3494,0.365
3495,0.258
3496,0.158
3497,0.096
3498,0.045
3499,0.008
3500,0
3501,0
3502,0
3503,0
3504,0
3505,0
3506,0
3507,0
3508,0
3509,0
3510,0
3511,0.018
3512,0.131
3513,0.298
3514,0.454
3515,0.564
3516,0.61
3517,0.566
3518,0.467
3519,0.316
3520,0.221
3521,0.141
3522,0.068
3523,0.013
3524,0
3525,0
3526,0
3527,0
3528,0
3529,0
3530,0
3531,0
3532,0
3533,0
3534,0
3535,0.019
3536,0.122
3537,0.27
3538,0.41
3539,0.509
3540,0.56
3541,0.548
3542,0.491
3543,0.38
3544,0.257
3545,0.162
3546,0.07
3547,0.012
3548,0
3549,0
3550,0
3551,0
3552,0
3553,0
3554,0
3555,0
3556,0
3557,0
3558,0
3559,0.01
3560,0.076
3561,0.178
3562,0.291
3563,0.372
3564,0.411
3565,0.414
3566,0.406
3567,0.387
3568,0.303
3569,0.21
3570,0.11
3571,0.024
3572,0
3573,0
3574,0
3575,0
3576,0
3577,0
3578,0
3579,0
3580,0
3581,0
3582,0
3583,0.013
3584,0.092
3585,0.187
3586,0.271
3587,0.322
3588,0.331
3589,0.318
3590,0.295
3591,0.26
3592,0.206
3593,0.137
3594,0.065
3595,0.015
3596,0
3597,0
3598,0
3599,0
3600,0
3601,0
3602,0
3603,0
3604,0
3605,0
3606,0
3607,0.024
3608,0.14
3609,0.303
3610,0.451
3611,0.523
3612,0.578
3613,0.579
3614,0.549
3615,0.434
3616,0.321
3617,0.203
3618,0.115
3619,0.025
3620,0
3621,0
3622,0
3623,0
3624,0
3625,0
3626,0
3627,0
3628,0
3629,0
3630,0
3631,0.025
3632,0.138
3633,0.334
3634,0.503
3635,0.623
3636,0.69
3637,0.703
3638,0.683
3639,0.608
3640,0.495
3641,0.34
3642,0.167
3643,0.043
3644,0
3645,0
3646,0
3647,0
3648,0
3649,0
3650,0
3651,0
3652,0
3653,0
3654,0
3655,0.026
3656,0.137
3657,0.326
3658,0.487
3659,0.593
3660,0.663
3661,0.67
3662,0.648
3663,0.588
3664,0.469
3665,0.319
3666,0.159
3667,0.041
3668,0
3669,0
3670,0
3671,0
3672,0
3673,0
3674,0
3675,0
3676,0
3677,0
3678,0
3679,0.026
3680,0.143
3681,0.296
3682,0.44
3683,0.553
3684,0.619
3685,0.627
3686,0.594
3687,0.52
3688,0.401
3689,0.248
3690,0.12
3691,0.027
3692,0
3693,0
3694,0
3695,0
3696,0
3697,0
3698,0
3699,0
3700,0
3701,0
3702,0
3703,0.018
3704,0.121
3705,0.288
3706,0.447
3707,0.554
3708,0.59
3709,0.552
3710,0.492
3711,0.378
3712,0.286
3713,0.175
3714,0.094
3715,0.023
3716,0
3717,0
3718,0
3719,0
3720,0
3721,0
3722,0
3723,0
3724,0
3725,0
3726,0
3727,0.027
3728,0.142
3729,0.317
3730,0.473
3731,0.582
3732,0.643
3733,0.643
3734,0.613
3735,0.516
3736,0.408
3737,0.265
3738,0.122
3739,0.028
3740,0
3741,0
3742,0
3743,0
3744,0
3745,0
3746,0
3747,0
3748,0
3749,0
3750,0
3751,0.025
3752,0.132
3753,0.27
3754,0.379
3755,0.37
3756,0.349
3757,0.303
3758,0.278
3759,0.273
3760,0.245
3761,0.192
3762,0.105
3763,0.022
3764,0
3765,0
3766,0
3767,0
3768,0
3769,0
3770,0
3771,0
3772,0
3773,0
3774,0
3775,0.022
3776,0.132
3777,0.285
3778,0.425
3779,0.539
3780,0.575
3781,0.54
3782,0.476
3783,0.382
3784,0.271
3785,0.162
3786,0.079
3787,0.018
3788,0
3789,0
3790,0
3791,0
3792,0
3793,0
3794,0
3795,0
3796,0
3797,0
3798,0
3799,0.018
3800,0.114
3801,0.267
3802,0.429
3803,0.533
3804,0.583
3805,0.584
3806,0.541
3807,0.428
3808,0.271
3809,0.171
3810,0.076
3811,0.016
3812,0
3813,0
3814,0
3815,0
3816,0
3817,0
3818,0
3819,0
3820,0
3821,0
3822,0
3823,0.02
3824,0.128
3825,0.288
3826,0.442
3827,0.565
3828,0.623
3829,0.624
3830,0.576
3831,0.477
3832,0.32
3833,0.174
3834,0.083
3835,0.022
3836,0
3837,0
3838,0
3839,0
3840,0
3841,0
3842,0
3843,0
3844,0
3845,0
3846,0
3847,0.02
3848,0.116
3849,0.269
3850,0.421
3851,0.533
3852,0.59
3853,0.578
3854,0.533
3855,0.451
3856,0.334
3857,0.195
3858,0.084
3859,0.017
3860,0
3861,0
3862,0
3863,0
3864,0
3865,0
3866,0
3867,0
3868,0
3869,0
3870,0
3871,0.016
3872,0.115
3873,0.266
3874,0.391
3875,0.488
3876,0.54
3877,0.517
3878,0.479
3879,0.366
3880,0.255
3881,0.159
3882,0.071
3883,0.016
3884,0
3885,0
3886,0
3887,0
3888,0
3889,0
3890,0
3891,0
3892,0
3893,0
3894,0
3895,0.021
3896,0.119
3897,0.247
3898,0.356
3899,0.456
3900,0.506
3901,0.478
3902,0.424
3903,0.359
3904,0.278
3905,0.189
3906,0.096
3907,0.023
3908,0
3909,0
3910,0
3911,0
3912,0
3913,0
3914,0
3915,0
3916,0
3917,0
3918,0
3919,0.014
3920,0.113
3921,0.296
3922,0.464
3923,0.59
3924,0.666
3925,0.693
3926,0.673
3927,0.61
3928,0.499
3929,0.348
3930,0.17
3931,0.039
3932,0
3933,0
3934,0
3935,0
3936,0
3937,0
3938,0
3939,0
3940,0
3941,0
3942,0
3943,0.028
3944,0.133
3945,0.313
3946,0.475
3947,0.593
3948,0.663
3949,0.687
3950,0.665
3951,0.599
3952,0.487
3953,0.337
3954,0.165
3955,0.046
3956,0
3957,0
3958,0
3959,0
3960,0
3961,0
3962,0
3963,0
3964,0
3965,0
3966,0
3967,0.028
3968,0.134
3969,0.307
3970,0.466
3971,0.585
3972,0.657
3973,0.683
3974,0.661
3975,0.59
3976,0.475
3977,0.322
3978,0.158
3979,0.04
3980,0
3981,0
3982,0
3983,0
3984,0
3985,0
3986,0
3987,0
3988,0
3989,0
3990,0
3991,0.028
3992,0.134
3993,0.312
3994,0.476
3995,0.597
3996,0.669
3997,0.692
3998,0.67
3999,0.6
4000,0.483
4001,0.329
4002,0.162
4003,0.036
4004,0
4005,0
4006,0
4007,0
4008,0
4009,0
4010,0
4011,0
4012,0
4013,0
4014,0
4015,0.029
4016,0.139
4017,0.312
4018,0.471
4019,0.584
4020,0.634
4021,0.643
4022,0.618
4023,0.523
4024,0.388
4025,0.232
4026,0.104
4027,0.025
4028,0
4029,0
4030,0
4031,0
4032,0
4033,0
4034,0
4035,0
4036,0
4037,0
4038,0
4039,0.026
4040,0.141
4041,0.298
4042,0.419
4043,0.504
4044,0.536
4045,0.54
4046,0.505
4047,0.413
4048,0.297
4049,0.169
4050,0.079
4051,0.015
4052,0
4053,0
4054,0
4055,0
4056,0
4057,0
4058,0
4059,0
4060,0
4061,0
4062,0
4063,0.026
4064,0.142
4065,0.305
4066,0.455
4067,0.567
4068,0.617
4069,0.61
4070,0.524
4071,0.408
4072,0.277
4073,0.16
4074,0.075
4075,0.017
4076,0
4077,0
4078,0
4079,0
4080,0
4081,0
4082,0
4083,0
4084,0
4085,0
4086,0
4087,0.02
4088,0.125
4089,0.289
4090,0.429
4091,0.519
4092,0.512
4093,0.481
4094,0.406
4095,0.338
4096,0.258
4097,0.168
4098,0.079
4099,0.019
4100,0
4101,0
4102,0
4103,0
4104,0
4105,0
4106,0
4107,0
4108,0
4109,0
4110,0
4111,0.021
4112,0.119
4113,0.239
4114,0.346
4115,0.498
4116,0.545
4117,0.525
4118,0.462
4119,0.394
4120,0.292
4121,0.197
4122,0.101
4123,0.024
4124,0
4125,0
4126,0
4127,0
4128,0
4129,0
4130,0
4131,0
4132,0
4133,0
4134,0
4135,0.027
4136,0.14
4137,0.312
4138,0.463
4139,0.568
4140,0.605
4141,0.593
4142,0.529
4143,0.42
4144,0.239
4145,0.122
4146,0.056
4147,0.01
4148,0
4149,0
4150,0
4151,0
4152,0
4153,0
4154,0
4155,0
4156,0
4157,0
4158,0
4159,0.009
4160,0.081
4161,0.217
4162,0.359
4163,0.476
4164,0.525
4165,0.458
4166,0.311
4167,0.21
4168,0.142
4169,0.079
4170,0.032
4171,0.005
4172,0
4173,0
4174,0
4175,0
4176,0
4177,0
4178,0
4179,0
4180,0
4181,0
4182,0
4183,0.016
4184,0.096
4185,0.205
4186,0.336
4187,0.417
4188,0.459
4189,0.44
4190,0.355
4191,0.272
4192,0.196
4193,0.129
4194,0.067
4195,0.016
4196,0
4197,0
4198,0
4199,0
4200,0
4201,0
4202,0
4203,0
4204,0
4205,0
4206,0
4207,0.013
4208,0.109
4209,0.254
4210,0.374
4211,0.434
4212,0.419
4213,0.379
4214,0.304
4215,0.244
4216,0.173
4217,0.107
4218,0.054
4219,0.013
4220,0
4221,0
4222,0
4223,0
4224,0
4225,0
4226,0
4227,0
4228,0
4229,0
4230,0
4231,0.018
4232,0.122
4233,0.279
4234,0.397
4235,0.486
4236,0.494
4237,0.486
4238,0.36
4239,0.262
4240,0.197
4241,0.13
4242,0.067
4243,0.016
4244,0
4245,0
4246,0
4247,0
4248,0
4249,0
4250,0
4251,0
4252,0
4253,0
4254,0
4255,0.007
4256,0.052
4257,0.131
4258,0.242
4259,0.353
4260,0.458
4261,0.507
4262,0.516
4263,0.462
4264,0.34
4265,0.228
4266,0.117
4267,0.027
4268,0
4269,0
4270,0
4271,0
4272,0
4273,0
4274,0
4275,0
4276,0
4277,0
4278,0
4279,0.013
4280,0.1
4281,0.234
4282,0.364
4283,0.488
4284,0.552
4285,0.558
4286,0.487
4287,0.373
4288,0.256
4289,0.168
4290,0.085
4291,0.019
4292,0
4293,0
4294,0
4295,0
4296,0
4297,0
4298,0
4299,0
4300,0
4301,0
4302,0
4303,0.014
4304,0.101
4305,0.251
4306,0.416
4307,0.531
4308,0.548
4309,0.496
4310,0.407
4311,0.291
4312,0.204
4313,0.122
4314,0.053
4315,0.009
4316,0
4317,0
4318,0
4319,0
4320,0
4321,0
4322,0
4323,0
4324,0
4325,0
4326,0
4327,0.009
4328,0.068
4329,0.172
4330,0.286
4331,0.382
4332,0.43
4333,0.424
4334,0.392
4335,0.332
4336,0.249
4337,0.174
4338,0.096
4339,0.024
4340,0
4341,0
4342,0
4343,0
4344,0
4345,0
4346,0
4347,0
4348,0
4349,0
4350,0
4351,0.024
4352,0.142
4353,0.31
4354,0.469
4355,0.578
4356,0.62
4357,0.578
4358,0.547
4359,0.465
4360,0.327
4361,0.204
4362,0.107
4363,0.024
4364,0
4365,0
4366,0
4367,0
4368,0
4369,0
4370,0
4371,0
4372,0
4373,0
4374,0
4375,0.017
4376,0.121
4377,0.277
4378,0.405
4379,0.476
4380,0.504
4381,0.516
4382,0.478
4383,0.41
4384,0.281
4385,0.147
4386,0.071
4387,0.015
4388,0
4389,0
4390,0
4391,0
4392,0
4393,0
4394,0
4395,0
4396,0
4397,0
4398,0
4399,0.015
4400,0.103
4401,0.221
4402,0.346
4403,0.477
4404,0.562
4405,0.543
4406,0.499
4407,0.412
4408,0.262
4409,0.163
4410,0.08
4411,0.017
4412,0
4413,0
4414,0
4415,0
4416,0
4417,0
4418,0
4419,0
4420,0
4421,0
4422,0
4423,0.019
4424,0.113
4425,0.251
4426,0.412
4427,0.53
4428,0.56
4429,0.556
4430,0.515
4431,0.447
4432,0.316
4433,0.194
4434,0.107
4435,0.027
4436,0
4437,0
4438,0
4439,0
4440,0
4441,0
4442,0
4443,0
4444,0
4445,0
4446,0
4447,0.024
4448,0.141
4449,0.314
4450,0.478
4451,0.581
4452,0.617
4453,0.614
4454,0.57
4455,0.485
4456,0.313
4457,0.191
4458,0.097
4459,0.023
4460,0
4461,0
4462,0
4463,0
4464,0
4465,0
4466,0
4467,0
4468,0
4469,0
4470,0
4471,0.008
4472,0.07
4473,0.177
4474,0.279
4475,0.357
4476,0.419
4477,0.411
4478,0.339
4479,0.263
4480,0.199
4481,0.13
4482,0.059
4483,0.012
4484,0
4485,0
4486,0
4487,0
4488,0
4489,0
4490,0
4491,0
4492,0
4493,0
4494,0
4495,0.024
4496,0.136
4497,0.28
4498,0.429
4499,0.507
4500,0.505
4501,0.461
4502,0.377
4503,0.28
4504,0.199
4505,0.122
4506,0.055
4507,0.011
4508,0
4509,0
4510,0
4511,0
4512,0
4513,0
4514,0
4515,0
4516,0
4517,0
4518,0
4519,0.007
4520,0.063
4521,0.162
4522,0.281
4523,0.395
4524,0.451
4525,0.442
4526,0.437
4527,0.349
4528,0.234
4529,0.146
4530,0.073
4531,0.016
4532,0
4533,0
4534,0
4535,0
4536,0
4537,0
4538,0
4539,0
4540,0
4541,0
4542,0
4543,0.021
4544,0.134
4545,0.301
4546,0.451
4547,0.539
4548,0.596
4549,0.559
4550,0.49
4551,0.356
4552,0.234
4553,0.145
4554,0.062
4555,0.011
4556,0
4557,0
4558,0
4559,0
4560,0
4561,0
4562,0
4563,0
4564,0
4565,0
4566,0
4567,0.021
4568,0.131
4569,0.272
4570,0.393
4571,0.424
4572,0.443
4573,0.376
4574,0.304
4575,0.26
4576,0.192
4577,0.127
4578,0.06
4579,0.011
4580,0
4581,0
4582,0
4583,0
4584,0
4585,0
4586,0
4587,0
4588,0
4589,0
4590,0
4591,0.02
4592,0.133
4593,0.295
4594,0.456
4595,0.581
4596,0.661
4597,0.683
4598,0.642
4599,0.564
4600,0.429
4601,0.236
4602,0.102
4603,0.024
4604,0
4605,0
4606,0
4607,0
4608,0
4609,0
4610,0
4611,0
4612,0
4613,0
4614,0
4615,0.02
4616,0.134
4617,0.311
4618,0.483
4619,0.61
4620,0.686
4621,0.712
4622,0.672
4623,0.568
4624,0.442
4625,0.298
4626,0.128
4627,0.03
4628,0
4629,0
4630,0
4631,0
4632,0
4633,0
4634,0
4635,0
4636,0
4637,0
4638,0
4639,0.019
4640,0.129
4641,0.318
4642,0.487
4643,0.615
4644,0.691
4645,0.718
4646,0.694
4647,0.619
4648,0.499
4649,0.336
4650,0.163
4651,0.036
4652,0
4653,0
4654,0
4655,0
4656,0
4657,0
4658,0
4659,0
4660,0
4661,0
4662,0
4663,0.021
4664,0.137
4665,0.324
4666,0.491
4667,0.612
4668,0.678
4669,0.672
4670,0.601
4671,0.464
4672,0.283
4673,0.139
4674,0.067
4675,0.015
4676,0
4677,0
4678,0
4679,0
4680,0
4681,0
4682,0
4683,0
4684,0
4685,0
4686,0
4687,0.022
4688,0.138
4689,0.296
4690,0.433
4691,0.537
4692,0.586
4693,0.581
4694,0.491
4695,0.37
4696,0.23
4697,0.146
4698,0.07
4699,0.015
4700,0
4701,0
4702,0
4703,0
4704,0
4705,0
4706,0
4707,0
4708,0
4709,0
4710,0
4711,0.01
4712,0.079
4713,0.179
4714,0.281
4715,0.337
4716,0.35
4717,0.319
4718,0.296
4719,0.266
4720,0.214
4721,0.144
4722,0.069
4723,0.012
4724,0
4725,0
4726,0
4727,0
4728,0
4729,0
4730,0
4731,0
4732,0
4733,0
4734,0
4735,0.019
4736,0.129
4737,0.278
4738,0.421
4739,0.528
4740,0.565
4741,0.551
4742,0.473
4743,0.379
4744,0.237
4745,0.157
4746,0.081
4747,0.018
4748,0
4749,0
4750,0
4751,0
4752,0
4753,0
4754,0
4755,0
4756,0
4757,0
4758,0
4759,0.021
4760,0.142
4761,0.305
4762,0.449
4763,0.555
4764,0.588
4765,0.496
4766,0.424
4767,0.261
4768,0.192
4769,0.136
4770,0.076
4771,0.018
4772,0
4773,0
4774,0
4775,0
4776,0
4777,0
4778,0
4779,0
4780,0
4781,0
4782,0
4783,0.018
4784,0.133
4785,0.311
4786,0.468
4787,0.589
4788,0.659
4789,0.682
4790,0.655
4791,0.568
4792,0.452
4793,0.313
4794,0.152
4795,0.031
4796,0
4797,0
4798,0
4799,0
4800,0
4801,0
4802,0
4803,0
4804,0
4805,0
4806,0
4807,0.018
4808,0.132
4809,0.305
4810,0.467
4811,0.584
4812,0.651
4813,0.673
4814,0.648
4815,0.581
4816,0.469
4817,0.322
4818,0.153
4819,0.033
4820,0
4821,0
4822,0
4823,0
4824,0
4825,0
4826,0
4827,0
4828,0
4829,0
4830,0
4831,0.014
4832,0.127
4833,0.321
4834,0.492
4835,0.617
4836,0.691
4837,0.717
4838,0.696
4839,0.622
4840,0.5
4841,0.342
4842,0.162
4843,0.031
4844,0
4845,0
4846,0
4847,0
4848,0
4849,0
4850,0
4851,0
4852,0
4853,0
4854,0
4855,0.018
4856,0.124
4857,0.287
4858,0.45
4859,0.579
4860,0.635
4861,0.656
4862,0.648
4863,0.608
4864,0.521
4865,0.368
4866,0.185
4867,0.042
4868,0
4869,0
4870,0
4871,0
4872,0
4873,0
4874,0
4875,0
4876,0
4877,0
4878,0
4879,0.018
4880,0.136
4881,0.319
4882,0.486
4883,0.606
4884,0.664
4885,0.675
4886,0.636
4887,0.547
4888,0.404
4889,0.217
4890,0.084
4891,0.015
4892,0
4893,0
4894,0
4895,0
4896,0
4897,0
4898,0
4899,0
4900,0
4901,0
4902,0
4903,0.017
4904,0.132
4905,0.285
4906,0.435
4907,0.558
4908,0.624
4909,0.637
4910,0.57
4911,0.45
4912,0.256
4913,0.157
4914,0.075
4915,0.013
4916,0
4917,0
4918,0
4919,0
4920,0
4921,0
4922,0
4923,0
4924,0
4925,0
4926,0
4927,0.016
4928,0.134
4929,0.328
4930,0.499
4931,0.624
4932,0.701
4933,0.725
4934,0.695
4935,0.612
4936,0.484
4937,0.309
4938,0.126
4939,0.025
4940,0
4941,0
4942,0
4943,0
4944,0
4945,0
4946,0
4947,0
4948,0
4949,0
4950,0
4951,0.014
4952,0.129
4953,0.332
4954,0.508
4955,0.634
4956,0.708
4957,0.732
4958,0.709
4959,0.641
4960,0.525
4961,0.36
4962,0.175
4963,0.036
4964,0
4965,0
4966,0
4967,0
4968,0
4969,0
4970,0
4971,0
4972,0
4973,0
4974,0
4975,0.016
4976,0.133
4977,0.32
4978,0.487
4979,0.611
4980,0.689
4981,0.714
4982,0.689
4983,0.616
4984,0.494
4985,0.334
4986,0.152
4987,0.03
4988,0
4989,0
4990,0
4991,0
4992,0
4993,0
4994,0
4995,0
4996,0
4997,0
4998,0
4999,0.017
5000,0.135
5001,0.326
5002,0.488
5003,0.608
5004,0.674
5005,0.689
5006,0.652
5007,0.558
5008,0.411
5009,0.219
5010,0.078
5011,0.013
5012,0
5013,0
5014,0
5015,0
5016,0
5017,0
5018,0
5019,0
5020,0
5021,0
5022,0
5023,0.016
5024,0.137
5025,0.315
5026,0.488
5027,0.617
5028,0.688
5029,0.699
5030,0.645
5031,0.567
5032,0.408
5033,0.209
5034,0.096
5035,0.018
5036,0
5037,0
5038,0
5039,0
5040,0
5041,0
5042,0
5043,0
5044,0
5045,0
5046,0
5047,0.016
5048,0.138
5049,0.324
5050,0.493
5051,0.618
5052,0.688
5053,0.687
5054,0.642
5055,0.553
5056,0.423
5057,0.264
5058,0.108
5059,0.017
5060,0
5061,0
5062,0
5063,0
5064,0
5065,0
5066,0
5067,0
5068,0
5069,0
5070,0
5071,0.014
5072,0.135
5073,0.332
5074,0.505
5075,0.63
5076,0.704
5077,0.73
5078,0.709
5079,0.629
5080,0.5
5081,0.309
5082,0.13
5083,0.023
5084,0
5085,0
5086,0
5087,0
5088,0
5089,0
5090,0
5091,0
5092,0
5093,0
5094,0
5095,0.014
5096,0.135
5097,0.329
5098,0.5
5099,0.623
5100,0.688
5101,0.716
5102,0.688
5103,0.617
5104,0.492
5105,0.321
5106,0.152
5107,0.026
5108,0
5109,0
5110,0
5111,0
5112,0
5113,0
5114,0
5115,0
5116,0
5117,0
5118,0
5119,0.013
5120,0.135
5121,0.333
5122,0.513
5123,0.638
5124,0.712
5125,0.737
5126,0.715
5127,0.642
5128,0.516
5129,0.326
5130,0.143
5131,0.019
5132,0
5133,0
5134,0
5135,0
5136,0
5137,0
5138,0
5139,0
5140,0
5141,0
5142,0
5143,0.009
5144,0.136
5145,0.348
5146,0.524
5147,0.648
5148,0.721
5149,0.745
5150,0.723
5151,0.65
5152,0.521
5153,0.337
5154,0.153
5155,0.028
5156,0
5157,0
5158,0
5159,0
5160,0
5161,0
5162,0
5163,0
5164,0
5165,0
5166,0
5167,0.015
5168,0.14
5169,0.342
5170,0.511
5171,0.625
5172,0.672
5173,0.661
5174,0.609
5175,0.548
5176,0.4
5177,0.208
5178,0.1
5179,0.018
5180,0
5181,0
5182,0
5183,0
5184,0
5185,0
5186,0
5187,0
5188,0
5189,0
5190,0
5191,0.015
5192,0.135
5193,0.324
5194,0.498
5195,0.612
5196,0.66
5197,0.672
5198,0.64
5199,0.566
5200,0.42
5201,0.231
5202,0.098
5203,0.017
5204,0
5205,0
5206,0
5207,0
5208,0
5209,0
5210,0
5211,0
5212,0
5213,0
5214,0
5215,0.015
5216,0.142
5217,0.331
5218,0.492
5219,0.608
5220,0.641
5221,0.629
5222,0.55
5223,0.417
5224,0.271
5225,0.15
5226,0.062
5227,0.007
5228,0
5229,0
5230,0
5231,0
5232,0
5233,0
5234,0
5235,0
5236,0
5237,0
5238,0
5239,0.004
5240,0.068
5241,0.193
5242,0.329
5243,0.45
5244,0.492
5245,0.464
5246,0.401
5247,0.315
5248,0.222
5249,0.137
5250,0.065
5251,0.012
5252,0
5253,0
5254,0
5255,0
5256,0
5257,0
5258,0
5259,0
5260,0
5261,0
5262,0
5263,0.014
5264,0.136
5265,0.314
5266,0.479
5267,0.596
5268,0.622
5269,0.564
5270,0.466
5271,0.296
5272,0.186
5273,0.114
5274,0.05
5275,0.007
5276,0
5277,0
5278,0
5279,0
5280,0
5281,0
5282,0
5283,0
5284,0
5285,0
5286,0
5287,0.014
5288,0.137
5289,0.332
5290,0.508
5291,0.629
5292,0.674
5293,0.675
5294,0.613
5295,0.509
5296,0.332
5297,0.197
5298,0.09
5299,0.012
5300,0
5301,0
5302,0
5303,0
5304,0
5305,0
5306,0
5307,0
5308,0
5309,0
5310,0
5311,0.012
5312,0.134
5313,0.323
5314,0.492
5315,0.611
5316,0.675
5317,0.711
5318,0.693
5319,0.621
5320,0.485
5321,0.293
5322,0.114
5323,0.017
5324,0
5325,0
5326,0
5327,0
5328,0
5329,0
5330,0
5331,0
5332,0
5333,0
5334,0
5335,0.013
5336,0.143
5337,0.348
5338,0.504
5339,0.604
5340,0.666
5341,0.654
5342,0.609
5343,0.457
5344,0.271
5345,0.162
5346,0.072
5347,0.009
5348,0
5349,0
5350,0
5351,0
5352,0
5353,0
5354,0
5355,0
5356,0
5357,0
5358,0
5359,0.007
5360,0.09
5361,0.23
5362,0.385
5363,0.509
5364,0.582
5365,0.553
5366,0.428
5367,0.286
5368,0.186
5369,0.113
5370,0.052
5371,0.007
5372,0
5373,0
5374,0
5375,0
5376,0
5377,0
5378,0
5379,0
5380,0
5381,0
5382,0
5383,0.012
5384,0.146
5385,0.344
5386,0.521
5387,0.652
5388,0.723
5389,0.706
5390,0.634
5391,0.511
5392,0.298
5393,0.173
5394,0.082
5395,0.013
5396,0
5397,0
5398,0
5399,0
5400,0
5401,0
5402,0
5403,0
5404,0
5405,0
5406,0
5407,0.011
5408,0.126
5409,0.304
5410,0.461
5411,0.577
5412,0.609
5413,0.597
5414,0.525
5415,0.449
5416,0.348
5417,0.216
5418,0.093
5419,0.012
5420,0
5421,0
5422,0
5423,0
5424,0
5425,0
5426,0
5427,0
5428,0
5429,0
5430,0
5431,0.011
5432,0.139
5433,0.344
5434,0.515
5435,0.631
5436,0.687
5437,0.643
5438,0.61
5439,0.5
5440,0.296
5441,0.159
5442,0.073
5443,0.009
5444,0
5445,0
5446,0
5447,0
5448,0
5449,0
5450,0
5451,0
5452,0
5453,0
5454,0
5455,0.011
5456,0.137
5457,0.33
5458,0.496
5459,0.595
5460,0.625
5461,0.568
5462,0.489
5463,0.305
5464,0.193
5465,0.115
5466,0.05
5467,0.006
5468,0
5469,0
5470,0
5471,0
5472,0
5473,0
5474,0
5475,0
5476,0
5477,0
5478,0
5479,0.01
5480,0.14
5481,0.343
5482,0.528
5483,0.654
5484,0.727
5485,0.743
5486,0.698
5487,0.601
5488,0.448
5489,0.23
5490,0.084
5491,0.011
5492,0
5493,0
5494,0
5495,0
5496,0
5497,0
5498,0
5499,0
5500,0
5501,0
5502,0
5503,0.005
5504,0.088
5505,0.235
5506,0.39
5507,0.492
5508,0.528
5509,0.489
5510,0.381
5511,0.28
5512,0.185
5513,0.115
5514,0.05
5515,0.006
5516,0
5517,0
5518,0
5519,0
5520,0
5521,0
5522,0
5523,0
5524,0
5525,0
5526,0
5527,0.004
5528,0.079
5529,0.235
5530,0.439
5531,0.55
5532,0.554
5533,0.523
5534,0.447
5535,0.328
5536,0.225
5537,0.143
5538,0.063
5539,0.007
5540,0
5541,0
5542,0
5543,0
5544,0
5545,0
5546,0
5547,0
5548,0
5549,0
5550,0
5551,0.009
5552,0.124
5553,0.309
5554,0.496
5555,0.623
5556,0.688
5557,0.702
5558,0.656
5559,0.554
5560,0.391
5561,0.193
5562,0.072
5563,0.008
5564,0
5565,0
5566,0
5567,0
5568,0
5569,0
5570,0
5571,0
5572,0
5573,0
5574,0
5575,0.009
5576,0.141
5577,0.343
5578,0.521
5579,0.649
5580,0.711
5581,0.692
5582,0.613
5583,0.453
5584,0.299
5585,0.176
5586,0.09
5587,0.012
5588,0
5589,0
5590,0
5591,0
5592,0
5593,0
5594,0
5595,0
5596,0
5597,0
5598,0
5599,0.009
5600,0.15
5601,0.355
5602,0.532
5603,0.649
5604,0.682
5605,0.659
5606,0.585
5607,0.441
5608,0.266
5609,0.155
5610,0.067
5611,0.007
5612,0
5613,0
5614,0
5615,0
5616,0
5617,0
5618,0
5619,0
5620,0
5621,0
5622,0
5623,0.009
5624,0.141
5625,0.327
5626,0.497
5627,0.619
5628,0.665
5629,0.648
5630,0.619
5631,0.494
5632,0.302
5633,0.169
5634,0.069
5635,0.007
5636,0
5637,0
5638,0
5639,0
5640,0
5641,0
5642,0
5643,0
5644,0
5645,0
5646,0
5647,0.004
5648,0.095
5649,0.287
5650,0.456
5651,0.583
5652,0.663
5653,0.649
5654,0.628
5655,0.565
5656,0.432
5657,0.277
5658,0.139
5659,0.015
5660,0
5661,0
5662,0
5663,0
5664,0
5665,0
5666,0
5667,0
5668,0
5669,0
5670,0
5671,0.005
5672,0.155
5673,0.375
5674,0.556
5675,0.684
5676,0.758
5677,0.783
5678,0.759
5679,0.682
5680,0.549
5681,0.379
5682,0.17
5683,0.017
5684,0
5685,0
5686,0
5687,0
5688,0
5689,0
5690,0
5691,0
5692,0
5693,0
5694,0
5695,0.007
5696,0.136
5697,0.365
5698,0.544
5699,0.675
5700,0.75
5701,0.775
5702,0.751
5703,0.681
5704,0.559
5705,0.384
5706,0.168
5707,0.017
5708,0
5709,0
5710,0
5711,0
5712,0
5713,0
5714,0
5715,0
5716,0
5717,0
5718,0
5719,0.006
5720,0.151
5721,0.362
5722,0.535
5723,0.658
5724,0.733
5725,0.763
5726,0.747
5727,0.677
5728,0.55
5729,0.355
5730,0.143
5731,0.014
5732,0
5733,0
5734,0
5735,0
5736,0
5737,0
5738,0
5739,0
5740,0
5741,0
5742,0
5743,0.004
5744,0.161
5745,0.382
5746,0.563
5747,0.689
5748,0.761
5749,0.783
5750,0.758
5751,0.675
5752,0.499
5753,0.344
5754,0.148
5755,0.013
5756,0
5757,0
5758,0
5759,0
5760,0
5761,0
5762,0
5763,0
5764,0
5765,0
5766,0
5767,0.005
5768,0.142
5769,0.359
5770,0.557
5771,0.684
5772,0.758
5773,0.783
5774,0.761
5775,0.689
5776,0.563
5777,0.395
5778,0.184
5779,0.021
5780,0
5781,0
5782,0
5783,0
5784,0
5785,0
5786,0
5787,0
5788,0
5789,0
5790,0
5791,0.006
5792,0.135
5793,0.353
5794,0.537
5795,0.648
5796,0.677
5797,0.635
5798,0.559
5799,0.366
5800,0.216
5801,0.122
5802,0.047
5803,0.003
5804,0
5805,0
5806,0
5807,0
5808,0
5809,0
5810,0
5811,0
5812,0
5813,0
5814,0
5815,0.003
5816,0.115
5817,0.302
5818,0.446
5819,0.562
5820,0.544
5821,0.462
5822,0.341
5823,0.247
5824,0.182
5825,0.114
5826,0.05
5827,0.005
5828,0
5829,0
5830,0
5831,0
5832,0
5833,0
5834,0
5835,0
5836,0
5837,0
5838,0
5839,0.006
5840,0.129
5841,0.347
5842,0.511
5843,0.624
5844,0.682
5845,0.607
5846,0.469
5847,0.345
5848,0.232
5849,0.145
5850,0.063
5851,0.005
5852,0
5853,0
5854,0
5855,0
5856,0
5857,0
5858,0
5859,0
5860,0
5861,0
5862,0
5863,0.005
5864,0.127
5865,0.345
5866,0.522
5867,0.626
5868,0.669
5869,0.642
5870,0.547
5871,0.383
5872,0.217
5873,0.121
5874,0.046
5875,0.003
5876,0
5877,0
5878,0
5879,0
5880,0
5881,0
5882,0
5883,0
5884,0
5885,0
5886,0
5887,0.003
5888,0.079
5889,0.191
5890,0.318
5891,0.416
5892,0.456
5893,0.438
5894,0.362
5895,0.243
5896,0.161
5897,0.098
5898,0.045
5899,0.004
5900,0
5901,0
5902,0
5903,0
5904,0
5905,0
5906,0
5907,0
5908,0
5909,0
5910,0
5911,0.002
5912,0.075
5913,0.208
5914,0.381
5915,0.519
5916,0.564
5917,0.536
5918,0.399
5919,0.28
5920,0.186
5921,0.11
5922,0.043
5923,0.002
5924,0
5925,0
5926,0
5927,0
5928,0
5929,0
5930,0
5931,0
5932,0
5933,0
5934,0
5935,0.002
5936,0.08
5937,0.216
5938,0.358
5939,0.458
5940,0.524
5941,0.574
5942,0.537
5943,0.469
5944,0.345
5945,0.185
5946,0.072
5947,0.006
5948,0
5949,0
5950,0
5951,0
5952,0
5953,0
5954,0
5955,0
5956,0
5957,0
5958,0
5959,0.004
5960,0.124
5961,0.348
5962,0.521
5963,0.651
5964,0.724
5965,0.746
5966,0.726
5967,0.659
5968,0.534
5969,0.342
5970,0.144
5971,0.011
5972,0
5973,0
5974,0
5975,0
5976,0
5977,0
5978,0
5979,0
5980,0
5981,0
5982,0
5983,0.004
5984,0.143
5985,0.39
5986,0.574
5987,0.701
5988,0.768
5989,0.774
5990,0.698
5991,0.597
5992,0.419
5993,0.209
5994,0.079
5995,0.006
5996,0
5997,0
5998,0
5999,0
6000,0
6001,0
6002,0
6003,0
6004,0
6005,0
6006,0
6007,0.002
6008,0.065
6009,0.194
6010,0.314
6011,0.41
6012,0.482
6013,0.521
6014,0.493
6015,0.434
6016,0.306
6017,0.18
6018,0.079
6019,0.006
6020,0
6021,0
6022,0
6023,0
6024,0
6025,0
6026,0
6027,0
6028,0
6029,0
6030,0
6031,0.003
6032,0.115
6033,0.338
6034,0.518
6035,0.646
6036,0.709
6037,0.707
6038,0.633
6039,0.423
6040,0.221
6041,0.114
6042,0.039
6043,0.002
6044,0
6045,0
6046,0
6047,0
6048,0
6049,0
6050,0
6051,0
6052,0
6053,0
6054,0
6055,0.002
6056,0.098
6057,0.287
6058,0.474
6059,0.609
6060,0.666
6061,0.658
6062,0.581
6063,0.43
6064,0.257
6065,0.13
6066,0.048
6067,0.002
6068,0
6069,0
6070,0
6071,0
6072,0
6073,0
6074,0
6075,0
6076,0
6077,0
6078,0
6079,0.003
6080,0.146
6081,0.374
6082,0.563
6083,0.694
6084,0.754
6085,0.686
6086,0.642
6087,0.525
6088,0.34
6089,0.188
6090,0.072
6091,0.004
6092,0
6093,0
6094,0
6095,0
6096,0
6097,0
6098,0
6099,0
6100,0
6101,0
6102,0
6103,0.001
6104,0.075
6105,0.196
6106,0.314
6107,0.408
6108,0.465
6109,0.479
6110,0.445
6111,0.372
6112,0.268
6113,0.152
6114,0.061
6115,0.004
6116,0
6117,0
6118,0
6119,0
6120,0
6121,0
6122,0
6123,0
6124,0
6125,0
6126,0
6127,0.001
6128,0.085
6129,0.241
6130,0.391
6131,0.492
6132,0.544
6133,0.491
6134,0.437
6135,0.322
6136,0.223
6137,0.138
6138,0.052
6139,0.002
6140,0
6141,0
6142,0
6143,0
6144,0
6145,0
6146,0
6147,0
6148,0
6149,0
6150,0
6151,0.001
6152,0.087
6153,0.235
6154,0.373
6155,0.475
6156,0.524
6157,0.503
6158,0.527
6159,0.426
6160,0.289
6161,0.184
6162,0.08
6163,0.005
6164,0
6165,0
6166,0
6167,0
6168,0
6169,0
6170,0
6171,0
6172,0
6173,0
6174,0
6175,0.003
6176,0.131
6177,0.333
6178,0.554
6179,0.685
6180,0.741
6181,0.74
6182,0.682
6183,0.575
6184,0.385
6185,0.188
6186,0.078
6187,0.006
6188,0
6189,0
6190,0
6191,0
6192,0
6193,0
6194,0
6195,0
6196,0
6197,0
6198,0
6199,0.002
6200,0.124
6201,0.373
6202,0.558
6203,0.678
6204,0.739
6205,0.727
6206,0.652
6207,0.537
6208,0.373
6209,0.179
6210,0.069
6211,0.002
6212,0
6213,0
6214,0
6215,0
6216,0
6217,0
6218,0
6219,0
6220,0
6221,0
6222,0
6223,0.002
6224,0.113
6225,0.246
6226,0.349
6227,0.473
6228,0.577
6229,0.613
6230,0.65
6231,0.625
6232,0.516
6233,0.365
6234,0.169
6235,0.01
6236,0
6237,0
6238,0
6239,0
6240,0
6241,0
6242,0
6243,0
6244,0
6245,0
6246,0
6247,0.002
6248,0.131
6249,0.352
6250,0.543
6251,0.675
6252,0.748
6253,0.741
6254,0.64
6255,0.482
6256,0.281
6257,0.16
6258,0.065
6259,0.003
6260,0
6261,0
6262,0
6263,0
6264,0
6265,0
6266,0
6267,0
6268,0
6269,0
6270,0
6271,0.001
6272,0.105
6273,0.294
6274,0.474
6275,0.61
6276,0.621
6277,0.62
6278,0.539
6279,0.42
6280,0.306
6281,0.189
6282,0.071
6283,0.003
6284,0
6285,0
6286,0
6287,0
6288,0
6289,0
6290,0
6291,0
6292,0
6293,0
6294,0
6295,0
6296,0.085
6297,0.254
6298,0.394
6299,0.481
6300,0.527
6301,0.523
6302,0.467
6303,0.393
6304,0.306
6305,0.207
6306,0.08
6307,0.004
6308,0
6309,0
6310,0
6311,0
6312,0
6313,0
6314,0
6315,0
6316,0
6317,0
6318,0
6319,0
6320,0.071
6321,0.255
6322,0.457
6323,0.596
6324,0.666
6325,0.699
6326,0.623
6327,0.544
6328,0.309
6329,0.146
6330,0.058
6331,0.002
6332,0
6333,0
6334,0
6335,0
6336,0
6337,0
6338,0
6339,0
6340,0
6341,0
6342,0
6343,0.001
6344,0.114
6345,0.361
6346,0.563
6347,0.694
6348,0.733
6349,0.719
6350,0.649
6351,0.558
6352,0.36
6353,0.195
6354,0.082
6355,0.004
6356,0
6357,0
6358,0
6359,0
6360,0
6361,0
6362,0
6363,0
6364,0
6365,0
6366,0
6367,0
6368,0.092
6369,0.304
6370,0.503
6371,0.649
6372,0.72
6373,0.709
6374,0.66
6375,0.574
6376,0.377
6377,0.19
6378,0.062
6379,0.001
6380,0
6381,0
6382,0
6383,0
6384,0
6385,0
6386,0
6387,0
6388,0
6389,0
6390,0
6391,0.001
6392,0.111
6393,0.354
6394,0.571
6395,0.7
6396,0.767
6397,0.758
6398,0.679
6399,0.558
6400,0.391
6401,0.17
6402,0.06
6403,0.001
6404,0
6405,0
6406,0
6407,0
6408,0
6409,0
6410,0
6411,0
6412,0
6413,0
6414,0
6415,0
6416,0.088
6417,0.338
6418,0.551
6419,0.684
6420,0.752
6421,0.758
6422,0.726
6423,0.633
6424,0.495
6425,0.301
6426,0.1
6427,0.004
6428,0
6429,0
6430,0
6431,0
6432,0
6433,0
6434,0
6435,0
6436,0
6437,0
6438,0
6439,0
6440,0.09
6441,0.289
6442,0.497
6443,0.619
6444,0.674
6445,0.665
6446,0.615
6447,0.525
6448,0.352
6449,0.19
6450,0.073
6451,0.002
6452,0
6453,0
6454,0
6455,0
6456,0
6457,0
6458,0
6459,0
6460,0
6461,0
6462,0
6463,0
6464,0.082
6465,0.265
6466,0.439
6467,0.559
6468,0.619
6469,0.612
6470,0.575
6471,0.487
6472,0.323
6473,0.175
6474,0.071
6475,0.002
6476,0
6477,0
6478,0
6479,0
6480,0
6481,0
6482,0
6483,0
6484,0
6485,0
6486,0
6487,0
6488,0.117
6489,0.371
6490,0.582
6491,0.711
6492,0.769
6493,0.715
6494,0.632
6495,0.478
6496,0.323
6497,0.176
6498,0.066
6499,0.001
6500,0
6501,0
6502,0
6503,0
6504,0
6505,0
6506,0
6507,0
6508,0
6509,0
6510,0
6511,0
6512,0.102
6513,0.295
6514,0.556
6515,0.685
6516,0.711
6517,0.702
6518,0.637
6519,0.467
6520,0.303
6521,0.148
6522,0.048
6523,0
6524,0
6525,0
6526,0
6527,0
6528,0
6529,0
6530,0
6531,0
6532,0
6533,0
6534,0
6535,0
6536,0.082
6537,0.258
6538,0.454
6539,0.615
6540,0.666
6541,0.615
6542,0.536
6543,0.395
6544,0.28
6545,0.168
6546,0.06
6547,0.001
6548,0
6549,0
6550,0
6551,0
6552,0
6553,0
6554,0
6555,0
6556,0
6557,0
6558,0
6559,0
6560,0.041
6561,0.145
6562,0.29
6563,0.468
6564,0.553
6565,0.564
6566,0.508
6567,0.42
6568,0.272
6569,0.179
6570,0.057
6571,0
6572,0
6573,0
6574,0
6575,0
6576,0
6577,0
6578,0
6579,0
6580,0
6581,0
6582,0
6583,0
6584,0.039
6585,0.152
6586,0.306
6587,0.477
6588,0.612
6589,0.649
6590,0.585
6591,0.447
6592,0.333
6593,0.184
6594,0.075
6595,0.002
6596,0
6597,0
6598,0
6599,0
6600,0
6601,0
6602,0
6603,0
6604,0
6605,0
6606,0
6607,0
6608,0.037
6609,0.135
6610,0.241
6611,0.33
6612,0.36
6613,0.331
6614,0.272
6615,0.206
6616,0.132
6617,0.077
6618,0.028
6619,0
6620,0
6621,0
6622,0
6623,0
6624,0
6625,0
6626,0
6627,0
6628,0
6629,0
6630,0
6631,0
6632,0.041
6633,0.147
6634,0.26
6635,0.361
6636,0.41
6637,0.443
6638,0.379
6639,0.279
6640,0.197
6641,0.109
6642,0.035
6643,0
6644,0
6645,0
6646,0
6647,0
6648,0
6649,0
6650,0
6651,0
6652,0
6653,0
6654,0
6655,0
6656,0.078
6657,0.228
6658,0.341
6659,0.505
6660,0.525
6661,0.469
6662,0.411
6663,0.323
6664,0.246
6665,0.146
6666,0.051
6667,0
6668,0
6669,0
6670,0
6671,0
6672,0
6673,0
6674,0
6675,0
6676,0
6677,0
6678,0
6679,0
6680,0.098
6681,0.306
6682,0.51
6683,0.632
6684,0.657
6685,0.622
6686,0.563
6687,0.386
6688,0.232
6689,0.127
6690,0.038
6691,0
6692,0
6693,0
6694,0
6695,0
6696,0
6697,0
6698,0
6699,0
6700,0
6701,0
6702,0
6703,0
6704,0.115
6705,0.349
6706,0.557
6707,0.706
6708,0.792
6709,0.826
6710,0.808
6711,0.739
6712,0.613
6713,0.438
6714,0.208
6715,0.006
6716,0
6717,0
6718,0
6719,0
6720,0
6721,0
6722,0
6723,0
6724,0
6725,0
6726,0
6727,0
6728,0.162
6729,0.404
6730,0.612
6731,0.752
6732,0.828
6733,0.852
6734,0.829
6735,0.757
6736,0.628
6737,0.441
6738,0.195
6739,0.005
6740,0
6741,0
6742,0
6743,0
6744,0
6745,0
6746,0
6747,0
6748,0
6749,0
6750,0
6751,0
6752,0.124
6753,0.352
6754,0.599
6755,0.727
6756,0.797
6757,0.787
6758,0.716
6759,0.616
6760,0.49
6761,0.221
6762,0.07
6763,0
6764,0
6765,0
6766,0
6767,0
6768,0
6769,0
6770,0
6771,0
6772,0
6773,0
6774,0
6775,0
6776,0.059
6777,0.192
6778,0.318
6779,0.423
6780,0.484
6781,0.463
6782,0.416
6783,0.316
6784,0.185
6785,0.093
6786,0.029
6787,0
6788,0
6789,0
6790,0
6791,0
6792,0
6793,0
6794,0
6795,0
6796,0
6797,0
6798,0
6799,0
6800,0.084
6801,0.26
6802,0.431
6803,0.561
6804,0.65
6805,0.689
6806,0.618
6807,0.481
6808,0.295
6809,0.151
6810,0.052
6811,0
6812,0
6813,0
6814,0
6815,0
6816,0
6817,0
6818,0
6819,0
6820,0
6821,0
6822,0
6823,0
6824,0.066
6825,0.238
6826,0.364
6827,0.502
6828,0.579
6829,0.593
6830,0.528
6831,0.43
6832,0.287
6833,0.139
6834,0.042
6835,0
6836,0
6837,0
6838,0
6839,0
6840,0
6841,0
6842,0
6843,0
6844,0
6845,0
6846,0
6847,0
6848,0.096
6849,0.332
6850,0.565
6851,0.701
6852,0.777
6853,0.793
6854,0.728
6855,0.627
6856,0.502
6857,0.311
6858,0.095
6859,0.001
6860,0
6861,0
6862,0
6863,0
6864,0
6865,0
6866,0
6867,0
6868,0
6869,0
6870,0
6871,0
6872,0.075
6873,0.309
6874,0.544
6875,0.682
6876,0.767
6877,0.794
6878,0.763
6879,0.639
6880,0.481
6881,0.248
6882,0.103
6883,0.001
6884,0
6885,0
6886,0
6887,0
6888,0
6889,0
6890,0
6891,0
6892,0
6893,0
6894,0
6895,0
6896,0.092
6897,0.305
6898,0.517
6899,0.67
6900,0.746
6901,0.767
6902,0.734
6903,0.636
6904,0.511
6905,0.324
6906,0.122
6907,0.001
6908,0
6909,0
6910,0
6911,0
6912,0
6913,0
6914,0
6915,0
6916,0
6917,0
6918,0
6919,0
6920,0.136
6921,0.388
6922,0.583
6923,0.716
6924,0.775
6925,0.69
6926,0.602
6927,0.436
6928,0.26
6929,0.144
6930,0.05
6931,0
6932,0
6933,0
6934,0
6935,0
6936,0
6937,0
6938,0
6939,0
6940,0
6941,0
6942,0
6943,0
6944,0.077
6945,0.273
6946,0.525
6947,0.679
6948,0.757
6949,0.761
6950,0.709
6951,0.573
6952,0.355
6953,0.159
6954,0.049
6955,0
6956,0
6957,0
6958,0
6959,0
6960,0
6961,0
6962,0
6963,0
6964,0
6965,0
6966,0
6967,0
6968,0.067
6969,0.231
6970,0.459
6971,0.559
6972,0.599
6973,0.534
6974,0.465
6975,0.344
6976,0.213
6977,0.117
6978,0.037
6979,0
6980,0
6981,0
6982,0
6983,0
6984,0
6985,0
6986,0
6987,0
6988,0
6989,0
6990,0
6991,0
6992,0.039
6993,0.186
6994,0.372
6995,0.423
6996,0.393
6997,0.388
6998,0.334
6999,0.247
7000,0.161
7001,0.084
7002,0.026
7003,0
7004,0
7005,0
7006,0
7007,0
7008,0
7009,0
7010,0
7011,0
7012,0
7013,0
7014,0
7015,0
7016,0.071
7017,0.29
7018,0.502
7019,0.632
7020,0.663
7021,0.613
7022,0.527
7023,0.481
7024,0.312
7025,0.141
7026,0.041
7027,0
7028,0
7029,0
7030,0
7031,0
7032,0
7033,0
7034,0
7035,0
7036,0
7037,0
7038,0
7039,0
7040,0.043
7041,0.239
7042,0.505
7043,0.697
7044,0.753
7045,0.71
7046,0.614
7047,0.54
7048,0.353
7049,0.162
7050,0.052
7051,0
7052,0
7053,0
7054,0
7055,0
7056,0
7057,0
7058,0
7059,0
7060,0
7061,0
7062,0
7063,0
7064,0.055
7065,0.231
7066,0.438
7067,0.584
7068,0.678
7069,0.672
7070,0.526
7071,0.427
7072,0.319
7073,0.161
7074,0.049
7075,0
7076,0
7077,0
7078,0
7079,0
7080,0
7081,0
7082,0
7083,0
7084,0
7085,0
7086,0
7087,0
7088,0.096
7089,0.373
7090,0.606
7091,0.738
7092,0.814
7093,0.831
7094,0.75
7095,0.647
7096,0.492
7097,0.265
7098,0.094
7099,0
7100,0
7101,0
7102,0
7103,0
7104,0
7105,0
7106,0
7107,0
7108,0
7109,0
7110,0
7111,0
7112,0.096
7113,0.38
7114,0.595
7115,0.731
7116,0.806
7117,0.815
7118,0.727
7119,0.61
7120,0.473
7121,0.234
7122,0.084
7123,0
7124,0
7125,0
7126,0
7127,0
7128,0
7129,0
7130,0
7131,0
7132,0
7133,0
7134,0
7135,0
7136,0.09
7137,0.386
7138,0.608
7139,0.75
7140,0.829
7141,0.856
7142,0.832
7143,0.757
7144,0.621
7145,0.419
7146,0.179
7147,0.001
7148,0
7149,0
7150,0
7151,0
7152,0
7153,0
7154,0
7155,0
7156,0
7157,0
7158,0
7159,0
7160,0.118
7161,0.395
7162,0.603
7163,0.743
7164,0.823
7165,0.849
7166,0.826
7167,0.752
7168,0.624
7169,0.435
7170,0.196
7171,0.001
7172,0
7173,0
7174,0
7175,0
7176,0
7177,0
7178,0
7179,0
7180,0
7181,0
7182,0
7183,0
7184,0.075
7185,0.307
7186,0.58
7187,0.731
7188,0.812
7189,0.841
7190,0.819
7191,0.747
7192,0.619
7193,0.415
7194,0.184
7195,0.001
7196,0
7197,0
7198,0
7199,0
7200,0
7201,0
7202,0
7203,0
7204,0
7205,0
7206,0
7207,0
7208,0.078
7209,0.309
7210,0.543
7211,0.708
7212,0.804
7213,0.839
7214,0.821
7215,0.752
7216,0.63
7217,0.448
7218,0.203
7219,0.001
7220,0
7221,0
7222,0
7223,0
7224,0
7225,0
7226,0
7227,0
7228,0
7229,0
7230,0
7231,0
7232,0.097
7233,0.36
7234,0.623
7235,0.758
7236,0.836
7237,0.861
7238,0.839
7239,0.769
7240,0.647
7241,0.47
7242,0.245
7243,0.003
7244,0
7245,0
7246,0
7247,0
7248,0
7249,0
7250,0
7251,0
7252,0
7253,0
7254,0
7255,0
7256,0.08
7257,0.352
7258,0.616
7259,0.759
7260,0.836
7261,0.862
7262,0.839
7263,0.769
7264,0.644
7265,0.462
7266,0.204
7267,0.002
7268,0
7269,0
7270,0
7271,0
7272,0
7273,0
7274,0
7275,0
7276,0
7277,0
7278,0
7279,0
7280,0.101
7281,0.405
7282,0.636
7283,0.772
7284,0.849
7285,0.874
7286,0.851
7287,0.778
7288,0.653
7289,0.457
7290,0.182
7291,0.002
7292,0
7293,0
7294,0
7295,0
7296,0
7297,0
7298,0
7299,0
7300,0
7301,0
7302,0
7303,0
7304,0.105
7305,0.406
7306,0.63
7307,0.767
7308,0.843
7309,0.867
7310,0.841
7311,0.733
7312,0.565
7313,0.339
7314,0.098
7315,0
7316,0
7317,0
7318,0
7319,0
7320,0
7321,0
7322,0
7323,0
7324,0
7325,0
7326,0
7327,0
7328,0.062
7329,0.335
7330,0.589
7331,0.732
7332,0.807
7333,0.83
7334,0.805
7335,0.733
7336,0.599
7337,0.418
7338,0.117
7339,0
7340,0
7341,0
7342,0
7343,0
7344,0
7345,0
7346,0
7347,0
7348,0
7349,0
7350,0
7351,0
7352,0.043
7353,0.238
7354,0.509
7355,0.703
7356,0.805
7357,0.837
7358,0.792
7359,0.72
7360,0.57
7361,0.324
7362,0.088
7363,0
7364,0
7365,0
7366,0
7367,0
7368,0
7369,0
7370,0
7371,0
7372,0
7373,0
7374,0
7375,0
7376,0.061
7377,0.281
7378,0.499
7379,0.658
7380,0.76
7381,0.808
7382,0.801
7383,0.742
7384,0.633
7385,0.463
7386,0.245
7387,0
7388,0
7389,0
7390,0
7391,0
7392,0
7393,0
7394,0
7395,0
7396,0
7397,0
7398,0
7399,0
7400,0.069
7401,0.282
7402,0.548
7403,0.732
7404,0.81
7405,0.832
7406,0.801
7407,0.719
7408,0.587
7409,0.395
7410,0.175
7411,0
7412,0
7413,0
7414,0
7415,0
7416,0
7417,0
7418,0
7419,0
7420,0
7421,0
7422,0
7423,0
7424,0.059
7425,0.258
7426,0.554
7427,0.709
7428,0.789
7429,0.798
7430,0.747
7431,0.627
7432,0.486
7433,0.26
7434,0.054
7435,0
7436,0
7437,0
7438,0
7439,0
7440,0
7441,0
7442,0
7443,0
7444,0
7445,0
7446,0
7447,0
7448,0.047
7449,0.238
7450,0.469
7451,0.645
7452,0.73
7453,0.774
7454,0.707
7455,0.607
7456,0.471
7457,0.245
7458,0.071
7459,0
7460,0
7461,0
7462,0
7463,0
7464,0
7465,0
7466,0
7467,0
7468,0
7469,0
7470,0
7471,0
7472,0.042
7473,0.19
7474,0.408
7475,0.606
7476,0.692
7477,0.629
7478,0.546
7479,0.376
7480,0.267
7481,0.15
7482,0.045
7483,0
7484,0
7485,0
7486,0
7487,0
7488,0
7489,0
7490,0
7491,0
7492,0
7493,0
7494,0
7495,0
7496,0.033
7497,0.188
7498,0.359
7499,0.447
7500,0.463
7501,0.461
7502,0.401
7503,0.371
7504,0.301
7505,0.175
7506,0.057
7507,0
7508,0
7509,0
7510,0
7511,0
7512,0
7513,0
7514,0
7515,0
7516,0
7517,0
7518,0
7519,0
7520,0.035
7521,0.172
7522,0.351
7523,0.56
7524,0.708
7525,0.727
7526,0.605
7527,0.457
7528,0.247
7529,0.117
7530,0.028
7531,0
7532,0
7533,0
7534,0
7535,0
7536,0
7537,0
7538,0
7539,0
7540,0
7541,0
7542,0
7543,0
7544,0.06
7545,0.282
7546,0.547
7547,0.692
7548,0.717
7549,0.666
7550,0.619
7551,0.494
7552,0.33
7553,0.207
7554,0.074
7555,0
7556,0
7557,0
7558,0
7559,0
7560,0
7561,0
7562,0
7563,0
7564,0
7565,0
7566,0
7567,0
7568,0.061
7569,0.281
7570,0.545
7571,0.71
7572,0.747
7573,0.696
7574,0.613
7575,0.518
7576,0.405
7577,0.22
7578,0.088
7579,0
7580,0
7581,0
7582,0
7583,0
7584,0
7585,0
7586,0
7587,0
7588,0
7589,0
7590,0
7591,0
7592,0.045
7593,0.227
7594,0.536
7595,0.671
7596,0.716
7597,0.717
7598,0.693
7599,0.561
7600,0.346
7601,0.158
7602,0.042
7603,0
7604,0
7605,0
7606,0
7607,0
7608,0
7609,0
7610,0
7611,0
7612,0
7613,0
7614,0
7615,0
7616,0.067
7617,0.269
7618,0.47
7619,0.605
7620,0.663
7621,0.69
7622,0.689
7623,0.593
7624,0.413
7625,0.164
7626,0.043
7627,0
7628,0
7629,0
7630,0
7631,0
7632,0
7633,0
7634,0
7635,0
7636,0
7637,0
7638,0
7639,0
7640,0.082
7641,0.342
7642,0.587
7643,0.718
7644,0.785
7645,0.787
7646,0.756
7647,0.663
7648,0.495
7649,0.274
7650,0.063
7651,0
7652,0
7653,0
7654,0
7655,0
7656,0
7657,0
7658,0
7659,0
7660,0
7661,0
7662,0
7663,0
7664,0.028
7665,0.146
7666,0.303
7667,0.473
7668,0.604
7669,0.631
7670,0.593
7671,0.499
7672,0.379
7673,0.224
7674,0.069
7675,0
7676,0
7677,0
7678,0
7679,0
7680,0
7681,0
7682,0
7683,0
7684,0
7685,0
7686,0
7687,0
7688,0.102
7689,0.364
7690,0.581
7691,0.727
7692,0.804
7693,0.821
7694,0.8
7695,0.734
7696,0.571
7697,0.375
7698,0.145
7699,0
7700,0
7701,0
7702,0
7703,0
7704,0
7705,0
7706,0
7707,0
7708,0
7709,0
7710,0
7711,0
7712,0.024
7713,0.156
7714,0.367
7715,0.601
7716,0.734
7717,0.777
7718,0.724
7719,0.623
7720,0.448
7721,0.18
7722,0.039
7723,0
7724,0
7725,0
7726,0
7727,0
7728,0
7729,0
7730,0
7731,0
7732,0
7733,0
7734,0
7735,0
7736,0.024
7737,0.167
7738,0.407
7739,0.585
7740,0.631
7741,0.602
7742,0.483
7743,0.387
7744,0.233
7745,0.101
7746,0.021
7747,0
7748,0
7749,0
7750,0
7751,0
7752,0
7753,0
7754,0
7755,0
7756,0
7757,0
7758,0
7759,0
7760,0.025
7761,0.132
7762,0.241
7763,0.334
7764,0.379
7765,0.383
7766,0.341
7767,0.254
7768,0.164
7769,0.07
7770,0.012
7771,0
7772,0
7773,0
7774,0
7775,0
7776,0
7777,0
7778,0
7779,0
7780,0
7781,0
7782,0
7783,0
7784,0.048
7785,0.27
7786,0.489
7787,0.602
7788,0.589
7789,0.611
7790,0.545
7791,0.438
7792,0.275
7793,0.147
7794,0.046
7795,0
7796,0
7797,0
7798,0
7799,0
7800,0
7801,0
7802,0
7803,0
7804,0
7805,0
7806,0
7807,0
7808,0.059
7809,0.307
7810,0.553
7811,0.7
7812,0.758
7813,0.737
7814,0.644
7815,0.478
7816,0.319
7817,0.206
7818,0.082
7819,0
7820,0
7821,0
7822,0
7823,0
7824,0
7825,0
7826,0
7827,0
7828,0
7829,0
7830,0
7831,0
7832,0.103
7833,0.382
7834,0.611
7835,0.75
7836,0.822
7837,0.833
7838,0.764
7839,0.643
7840,0.518
7841,0.379
7842,0.193
7843,0
7844,0
7845,0
7846,0
7847,0
7848,0
7849,0
7850,0
7851,0
7852,0
7853,0
7854,0
7855,0
7856,0.057
7857,0.299
7858,0.563
7859,0.723
7860,0.803
7861,0.814
7862,0.766
7863,0.693
7864,0.561
7865,0.349
7866,0.121
7867,0
7868,0
7869,0
7870,0
7871,0
7872,0
7873,0
7874,0
7875,0
7876,0
7877,0
7878,0
7879,0
7880,0.051
7881,0.262
7882,0.46
7883,0.601
7884,0.626
7885,0.535
7886,0.461
7887,0.382
7888,0.294
7889,0.178
7890,0.055
7891,0
7892,0
7893,0
7894,0
7895,0
7896,0
7897,0
7898,0
7899,0
7900,0
7901,0
7902,0
7903,0
7904,0.136
7905,0.432
7906,0.646
7907,0.788
7908,0.867
7909,0.894
7910,0.873
7911,0.805
7912,0.687
7913,0.513
7914,0.281
7915,0
7916,0
7917,0
7918,0
7919,0
7920,0
7921,0
7922,0
7923,0
7924,0
7925,0
7926,0
7927,0
7928,0.104
7929,0.264
7930,0.327
7931,0.421
7932,0.539
7933,0.71
7934,0.811
7935,0.769
7936,0.633
7937,0.37
7938,0.074
7939,0
7940,0
7941,0
7942,0
7943,0
7944,0
7945,0
7946,0
7947,0
7948,0
7949,0
7950,0
7951,0
7952,0.041
7953,0.254
7954,0.515
7955,0.684
7956,0.784
7957,0.819
7958,0.804
7959,0.746
7960,0.631
7961,0.451
7962,0.207
7963,0
7964,0
7965,0
7966,0
7967,0
7968,0
7969,0
7970,0
7971,0
7972,0
7973,0
7974,0
7975,0
7976,0.084
7977,0.32
7978,0.546
7979,0.717
7980,0.783
7981,0.773
7982,0.722
7983,0.581
7984,0.344
7985,0.149
7986,0.034
7987,0
7988,0
7989,0
7990,0
7991,0
7992,0
7993,0
7994,0
7995,0
7996,0
7997,0
7998,0
7999,0
8000,0.124
8001,0.412
8002,0.617
8003,0.75
8004,0.825
8005,0.847
8006,0.829
8007,0.758
8008,0.636
8009,0.448
8010,0.198
8011,0
8012,0
8013,0
8014,0
8015,0
8016,0
8017,0
8018,0
8019,0
8020,0
8021,0
8022,0
8023,0
8024,0.11
8025,0.378
8026,0.626
8027,0.761
8028,0.839
8029,0.866
8030,0.845
8031,0.776
8032,0.656
8033,0.48
8034,0.238
8035,0
8036,0
8037,0
8038,0
8039,0
8040,0
8041,0
8042,0
8043,0
8044,0
8045,0
8046,0
8047,0
8048,0.099
8049,0.395
8050,0.645
8051,0.782
8052,0.858
8053,0.882
8054,0.86
8055,0.789
8056,0.669
8057,0.492
8058,0.254
8059,0
8060,0
8061,0
8062,0
8063,0
8064,0
8065,0
8066,0
8067,0
8068,0
8069,0
8070,0
8071,0
8072,0.149
8073,0.452
8074,0.658
8075,0.788
8076,0.861
8077,0.883
8078,0.86
8079,0.79
8080,0.671
8081,0.496
8082,0.261
8083,0
8084,0
8085,0
8086,0
8087,0
8088,0
8089,0
8090,0
8091,0
8092,0
8093,0
8094,0
8095,0
8096,0.135
8097,0.428
8098,0.635
8099,0.768
8100,0.842
8101,0.867
8102,0.844
8103,0.775
8104,0.655
8105,0.478
8106,0.24
8107,0
8108,0
8109,0
8110,0
8111,0
8112,0
8113,0
8114,0
8115,0
8116,0
8117,0
8118,0
8119,0
8120,0.134
8121,0.422
8122,0.627
8123,0.759
8124,0.834
8125,0.858
8126,0.836
8127,0.768
8128,0.648
8129,0.47
8130,0.23
8131,0
8132,0
8133,0
8134,0
8135,0
8136,0
8137,0
8138,0
8139,0
8140,0
8141,0
8142,0
8143,0
8144,0.064
8145,0.316
8146,0.594
8147,0.755
8148,0.831
8149,0.855
8150,0.832
8151,0.76
8152,0.632
8153,0.413
8154,0.144
8155,0
8156,0
8157,0
8158,0
8159,0
8160,0
8161,0
8162,0
8163,0
8164,0
8165,0
8166,0
8167,0
8168,0.036
8169,0.254
8170,0.57
8171,0.743
8172,0.836
8173,0.862
8174,0.836
8175,0.76
8176,0.629
8177,0.439
8178,0.183
8179,0
8180,0
8181,0
8182,0
8183,0
8184,0
8185,0
8186,0
8187,0
8188,0
8189,0
8190,0
8191,0
8192,0.066
8193,0.375
8194,0.635
8195,0.776
8196,0.851
8197,0.875
8198,0.852
8199,0.782
8200,0.661
8201,0.48
8202,0.236
8203,0
8204,0
8205,0
8206,0
8207,0
8208,0
8209,0
8210,0
8211,0
8212,0
8213,0
8214,0
8215,0
8216,0.087
8217,0.388
8218,0.615
8219,0.772
8220,0.856
8221,0.878
8222,0.854
8223,0.785
8224,0.659
8225,0.475
8226,0.215
8227,0
8228,0
8229,0
8230,0
8231,0
8232,0
8233,0
8234,0
8235,0
8236,0
8237,0
8238,0
8239,0
8240,0.03
8241,0.199
8242,0.486
8243,0.718
8244,0.807
8245,0.79
8246,0.619
8247,0.369
8248,0.304
8249,0.187
8250,0.05
8251,0
8252,0
8253,0
8254,0
8255,0
8256,0
8257,0
8258,0
8259,0
8260,0
8261,0
8262,0
8263,0
8264,0.014
8265,0.095
8266,0.215
8267,0.329
8268,0.399
8269,0.438
8270,0.445
8271,0.448
8272,0.308
8273,0.139
8274,0.027
8275,0
8276,0
8277,0
8278,0
8279,0
8280,0
8281,0
8282,0
8283,0
8284,0
8285,0
8286,0
8287,0
8288,0.026
8289,0.196
8290,0.426
8291,0.527
8292,0.514
8293,0.478
8294,0.413
8295,0.308
8296,0.172
8297,0.068
8298,0.015
8299,0
8300,0
8301,0
8302,0
8303,0
8304,0
8305,0
8306,0
8307,0
8308,0
8309,0
8310,0
8311,0
8312,0.022
8313,0.132
8314,0.286
8315,0.421
8316,0.519
8317,0.544
8318,0.501
8319,0.387
8320,0.278
8321,0.143
8322,0.027
8323,0
8324,0
8325,0
8326,0
8327,0
8328,0
8329,0
8330,0
8331,0
8332,0
8333,0
8334,0
8335,0
8336,0.096
8337,0.361
8338,0.579
8339,0.719
8340,0.787
8341,0.8
8342,0.768
8343,0.681
8344,0.563
8345,0.329
8346,0.098
8347,0
8348,0
8349,0
8350,0
8351,0
8352,0
8353,0
8354,0
8355,0
8356,0
8357,0
8358,0
8359,0
8360,0.102
8361,0.362
8362,0.593
8363,0.729
8364,0.806
8365,0.831
8366,0.806
8367,0.73
8368,0.587
8369,0.396
8370,0.09
8371,0
8372,0
8373,0
8374,0
8375,0
8376,0
8377,0
8378,0
8379,0
8380,0
8381,0
8382,0
8383,0
8384,0.03
8385,0.18
8386,0.447
8387,0.634
8388,0.687
8389,0.697
8390,0.668
8391,0.575
8392,0.478
8393,0.256
8394,0.043
8395,0
8396,0
8397,0
8398,0
8399,0
8400,0
8401,0
8402,0
8403,0
8404,0
8405,0
8406,0
8407,0
8408,0.054
8409,0.251
8410,0.571
8411,0.72
8412,0.797
8413,0.821
8414,0.758
8415,0.679
8416,0.528
8417,0.277
8418,0.051
8419,0
8420,0
8421,0
8422,0
8423,0
8424,0
8425,0
8426,0
8427,0
8428,0
8429,0
8430,0
8431,0
8432,0.095
8433,0.351
8434,0.59
8435,0.729
8436,0.806
8437,0.831
8438,0.809
8439,0.738
8440,0.613
8441,0.421
8442,0.149
8443,0
8444,0
8445,0
8446,0
8447,0
8448,0
8449,0
8450,0
8451,0
8452,0
8453,0
8454,0
8455,0
8456,0.114
8457,0.384
8458,0.583
8459,0.679
8460,0.683
8461,0.675
8462,0.658
8463,0.609
8464,0.509
8465,0.369
8466,0.161
8467,0
8468,0
8469,0
8470,0
8471,0
8472,0
8473,0
8474,0
8475,0
8476,0
8477,0
8478,0
8479,0
8480,0.116
8481,0.385
8482,0.591
8483,0.718
8484,0.793
8485,0.812
8486,0.771
8487,0.684
8488,0.583
8489,0.414
8490,0.15
8491,0
8492,0
8493,0
8494,0
8495,0
8496,0
8497,0
8498,0
8499,0
8500,0
8501,0
8502,0
8503,0
8504,0.02
8505,0.108
8506,0.221
8507,0.362
8508,0.472
8509,0.551
8510,0.559
8511,0.447
8512,0.224
8513,0.089
8514,0.019
8515,0
8516,0
8517,0
8518,0
8519,0
8520,0
8521,0
8522,0
8523,0
8524,0
8525,0
8526,0
8527,0
8528,0.014
8529,0.097
8530,0.186
8531,0.239
8532,0.347
8533,0.365
8534,0.406
8535,0.402
8536,0.287
8537,0.115
8538,0.027
8539,0
8540,0
8541,0
8542,0
8543,0
8544,0
8545,0
8546,0
8547,0
8548,0
8549,0
8550,0
8551,0
8552,0.042
8553,0.313
8554,0.534
8555,0.627
8556,0.695
8557,0.718
8558,0.728
8559,0.651
8560,0.478
8561,0.253
8562,0.066
8563,0
8564,0
8565,0
8566,0
8567,0
8568,0
8569,0
8570,0
8571,0
8572,0
8573,0
8574,0
8575,0
8576,0.015
8577,0.104
8578,0.155
8579,0.171
8580,0.224
8581,0.284
8582,0.257
8583,0.225
8584,0.162
8585,0.075
8586,0.013
8587,0
8588,0
8589,0
8590,0
8591,0
8592,0
8593,0
8594,0
8595,0
8596,0
8597,0
8598,0
8599,0
8600,0.015
8601,0.137
8602,0.469
8603,0.644
8604,0.746
8605,0.776
8606,0.729
8607,0.637
8608,0.51
8609,0.339
8610,0.124
8611,0
8612,0
8613,0
8614,0
8615,0
8616,0
8617,0
8618,0
8619,0
8620,0
8621,0
8622,0
8623,0
8624,0.035
8625,0.176
8626,0.396
8627,0.61
8628,0.743
8629,0.77
8630,0.664
8631,0.505
8632,0.292
8633,0.141
8634,0.035
8635,0
8636,0
8637,0
8638,0
8639,0
8640,0
8641,0
8642,0
8643,0
8644,0
8645,0
8646,0
8647,0
8648,0.048
8649,0.248
8650,0.521
8651,0.682
8652,0.703
8653,0.657
8654,0.588
8655,0.519
8656,0.431
8657,0.264
8658,0.063
8659,0
8660,0
8661,0
8662,0
8663,0
8664,0
8665,0
8666,0
8667,0
8668,0
8669,0
8670,0
8671,0
8672,0.034
8673,0.201
8674,0.503
8675,0.623
8676,0.677
8677,0.722
8678,0.729
8679,0.677
8680,0.543
8681,0.296
8682,0.073
8683,0
8684,0
8685,0
8686,0
8687,0
8688,0
8689,0
8690,0
8691,0
8692,0
8693,0
8694,0
8695,0
8696,0.093
8697,0.357
8698,0.581
8699,0.718
8700,0.798
8701,0.825
8702,0.803
8703,0.73
8704,0.602
8705,0.409
8706,0.148
8707,0
8708,0
8709,0
8710,0
8711,0
8712,0
8713,0
8714,0
8715,0
8716,0
8717,0
8718,0
8719,0
8720,0.118
8721,0.401
8722,0.606
8723,0.737
8724,0.81
8725,0.829
8726,0.754
8727,0.662
8728,0.516
8729,0.296
8730,0.08
8731,0
8732,0
8733,0
8734,0
8735,0
8736,0
8737,0
8738,0
8739,0
8740,0
8741,0
8742,0
8743,0
8744,0.072
8745,0.32
8746,0.597
8747,0.732
8748,0.806
8749,0.829
8750,0.803
8751,0.727
8752,0.575
8753,0.362
8754,0.114
8755,0
8756,0
8757,0
8758,0
8759,0
8760,0
