CUSTOM_NODE,YEAR,VALUE
BTNXX,2021,9.5
BTNXX,2022,11.03
BTNXX,2023,12.58
BTNXX,2024,14.11
BTNXX,2025,15.66
BTNXX,2026,17.32
BTNXX,2027,18.97
BTNXX,2028,20.62
BTNXX,2029,22.27
BTNXX,2030,23.95
BTNXX,2031,25.73
BTNXX,2032,27.51
BTNXX,2033,29.28
BTNXX,2034,31.09
BTNXX,2035,32.86
BTNXX,2036,34.84
BTNXX,2037,36.82
BTNXX,2038,38.8
BTNXX,2039,40.78
BTNXX,2040,42.75
BTNXX,2041,44.93
BTNXX,2042,47.11
BTNXX,2043,49.29
BTNXX,2044,51.47
BTNXX,2045,53.64
BTNXX,2046,56
BTNXX,2047,58.35
BTNXX,2048,60.7
BTNXX,2049,63.06
BTNXX,2050,65.41
INDEA,2021,594.14
INDEA,2022,655.71
INDEA,2023,717.27
INDEA,2024,772.87
INDEA,2025,954.61
INDEA,2026,981.6
INDEA,2027,1012.38
INDEA,2028,1043.24
INDEA,2029,1074.44
INDEA,2030,1105.41
INDEA,2031,1174.28
INDEA,2032,1243.48
INDEA,2033,1314.83
INDEA,2034,1381.43
INDEA,2035,1450.11
INDEA,2036,1531.14
INDEA,2037,1612.66
INDEA,2038,1693.49
INDEA,2039,1771
INDEA,2040,1847.47
INDEA,2041,1935.51
INDEA,2042,2025.21
INDEA,2043,2114.95
INDEA,2044,2202.04
INDEA,2045,2289.82
INDEA,2046,2400.84
INDEA,2047,2502.17
INDEA,2048,2603.44
INDEA,2049,2704.7
INDEA,2050,2805.83
INDNE,2021,124.44
INDNE,2022,134.82
INDNE,2023,145.19
INDNE,2024,157.09
INDNE,2025,195.14
INDNE,2026,201.8
INDNE,2027,208.75
INDNE,2028,215.73
INDNE,2029,222.8
INDNE,2030,229.94
INDNE,2031,244.87
INDNE,2032,259.92
INDNE,2033,274.7
INDNE,2034,289.36
INDNE,2035,304.15
INDNE,2036,320.97
INDNE,2037,337.64
INDNE,2038,354.26
INDNE,2039,371.19
INDNE,2040,387.65
INDNE,2041,406.42
INDNE,2042,424.77
INDNE,2043,443.96
INDNE,2044,463.54
INDNE,2045,482.69
INDNE,2046,505.85
INDNE,2047,527.41
INDNE,2048,548.93
INDNE,2049,570.39
INDNE,2050,591.82
INDNO,2021,1201.31
INDNO,2022,1345.82
INDNO,2023,1490.33
INDNO,2024,1607.32
INDNO,2025,1983.05
INDNO,2026,2046.01
INDNO,2027,2110.99
INDNO,2028,2175.99
INDNO,2029,2240.57
INDNO,2030,2304.75
INDNO,2031,2445.12
INDNO,2032,2584.15
INDNO,2033,2722.59
INDNO,2034,2862.69
INDNO,2035,3002.82
INDNO,2036,3167.14
INDNO,2037,3331.72
INDNO,2038,3495.6
INDNO,2039,3661.16
INDNO,2040,3825.7
INDNO,2041,4014.42
INDNO,2042,4200.14
INDNO,2043,4384.46
INDNO,2044,4564.84
INDNO,2045,4744.94
INDNO,2046,4968.31
INDNO,2047,5176.61
INDNO,2048,5384.83
INDNO,2049,5593.11
INDNO,2050,5801.69
INDSO,2021,1420.31
INDSO,2022,1548.89
INDSO,2023,1677.48
INDSO,2024,1819.57
INDSO,2025,2261.9
INDSO,2026,2350.89
INDSO,2027,2430.09
INDSO,2028,2508.94
INDSO,2029,2588.21
INDSO,2030,2668.04
INDSO,2031,2837.62
INDSO,2032,3009.7
INDSO,2033,3181.67
INDSO,2034,3352.73
INDSO,2035,3524.68
INDSO,2036,3722.05
INDSO,2037,3918.08
INDSO,2038,4114.15
INDSO,2039,4310.15
INDSO,2040,4504.27
INDSO,2041,4726.24
INDSO,2042,4948.9
INDSO,2043,5170.39
INDSO,2044,5393.21
INDSO,2045,5615.87
INDSO,2046,5881.34
INDSO,2047,6132.32
INDSO,2048,6383.02
INDSO,2049,6633.32
INDSO,2050,6883.89
INDWE,2021,1270.15
INDWE,2022,1349.85
INDWE,2023,1429.56
INDWE,2024,1546.72
INDWE,2025,1924.8
INDWE,2026,1984.31
INDWE,2027,2047.52
INDWE,2028,2110.93
INDWE,2029,2173.93
INDWE,2030,2236.94
INDWE,2031,2377.13
INDWE,2032,2515.72
INDWE,2033,2653.12
INDWE,2034,2794.64
INDWE,2035,2933.03
INDWE,2036,3097.73
INDWE,2037,3263.16
INDWE,2038,3429.97
INDWE,2039,3598.18
INDWE,2040,3770.82
INDWE,2041,3967.13
INDWE,2042,4164.53
INDWE,2043,4363.59
INDWE,2044,4567.55
INDWE,2045,4771.66
INDWE,2046,4944.69
INDWE,2047,5158.53
INDWE,2048,5372.85
INDWE,2049,5587.59
INDWE,2050,5801.92
BGDXX,2023,352.8
BGDXX,2024,385.2
BGDXX,2025,421.2
BGDXX,2026,460.8
BGDXX,2027,504
BGDXX,2028,550.8
BGDXX,2029,601.2
BGDXX,2030,734.4
BGDXX,2031,792
BGDXX,2032,853.2
BGDXX,2033,918
BGDXX,2034,986.4
BGDXX,2035,1058.4
BGDXX,2036,1134
BGDXX,2037,1213.2
BGDXX,2038,1296
BGDXX,2039,1382.4
BGDXX,2040,1472.4
BGDXX,2041,1476
BGDXX,2042,1548
BGDXX,2043,1638
BGDXX,2044,1728
BGDXX,2045,1836
BGDXX,2046,1944
BGDXX,2047,2070
BGDXX,2048,2196
BGDXX,2049,2340
BGDXX,2050,2412
BGDXX,2051,2534.4
BGDXX,2052,2660.4
BGDXX,2053,2793.6
BGDXX,2054,2934
BGDXX,2055,3081.6
BGDXX,2056,3236.4
BGDXX,2057,3398.4
BGDXX,2058,3567.6
BGDXX,2059,3747.6
BGDXX,2060,3934.8
COLXX,2023,307.8
COLXX,2024,316.1
COLXX,2025,325
COLXX,2026,334.4
COLXX,2027,344.4
COLXX,2028,355
COLXX,2029,365.9
COLXX,2030,377
COLXX,2031,388.5
COLXX,2032,400.3
COLXX,2033,412.5
COLXX,2034,425
COLXX,2035,437.9
COLXX,2036,451.2
COLXX,2037,464.9
COLXX,2038,479
COLXX,2039,493.6
COLXX,2040,508.6
COLXX,2041,524.1
COLXX,2042,540.1
COLXX,2043,556.5
COLXX,2044,573.5
COLXX,2045,590.9
COLXX,2046,608.9
COLXX,2047,627.4
COLXX,2048,646.5
COLXX,2049,666.1
COLXX,2050,686.3
COLXX,2051,707.1
COLXX,2052,728.5
COLXX,2053,750.4
COLXX,2054,772.9
COLXX,2055,796.1
COLXX,2056,819.9
COLXX,2057,844.3
COLXX,2058,869.4
COLXX,2059,895.1
COLXX,2060,921.5
FJIXX,2023,5.94
FJIXX,2024,6.12
FJIXX,2025,6.3
FJIXX,2026,6.44
FJIXX,2027,6.59
FJIXX,2028,6.73
FJIXX,2029,6.88
FJIXX,2030,7.02
FJIXX,2031,7.24
FJIXX,2032,7.45
FJIXX,2033,7.67
FJIXX,2034,7.88
FJIXX,2035,8.1
FJIXX,2036,8.39
FJIXX,2037,8.68
FJIXX,2038,8.96
FJIXX,2039,9.25
FJIXX,2040,9.54
FJIXX,2041,9.9
FJIXX,2042,10.26
FJIXX,2043,10.62
FJIXX,2044,10.98
FJIXX,2045,11.34
FJIXX,2046,11.66
FJIXX,2047,11.99
FJIXX,2048,12.31
FJIXX,2049,12.64
FJIXX,2050,12.96
FJIXX,2051,13.36
FJIXX,2052,13.75
FJIXX,2053,14.15
FJIXX,2054,14.54
FJIXX,2055,14.94
FJIXX,2056,15.34
FJIXX,2057,15.73
FJIXX,2058,16.13
FJIXX,2059,16.52
FJIXX,2060,16.92
CPVXX,2023,1.36
CPVXX,2024,1.46